/*******************************************************************************
 * Size: 20 px
 * Bpp: 4
 * Opts: --font work/Montserrat-600.ttf --size 20 --format lvgl --bpp 4 --no-compress -r 0x20-0x7e,0xa0-0xff --lv-include lvgl.h --lv-font-name panel_font_20 -o firmware/src/panel_font_20.c
 ******************************************************************************/

#ifdef LV_LVGL_H_INCLUDE_SIMPLE
#include "lvgl.h"
#else
#include "lvgl.h"
#endif

#ifndef PANEL_FONT_20
#define PANEL_FONT_20 1
#endif

#if PANEL_FONT_20

/*-----------------
 *    BITMAPS
 *----------------*/

/*Store the image of the glyphs*/
static LV_ATTRIBUTE_LARGE_CONST const uint8_t glyph_bitmap[] = {
    /* U+0020 " " */

    /* U+0021 "!" */
    0xaf, 0xf4, 0x9f, 0xf3, 0x8f, 0xf2, 0x8f, 0xf1,
    0x7f, 0xf0, 0x6f, 0xf0, 0x5f, 0xf0, 0x4f, 0xe0,
    0x4f, 0xd0, 0x18, 0x60, 0x1, 0x0, 0x7f, 0xe1,
    0xcf, 0xf5, 0x5f, 0xc1,

    /* U+0022 "\"" */
    0xdf, 0x40, 0xff, 0x2d, 0xf3, 0xf, 0xf1, 0xcf,
    0x30, 0xff, 0xc, 0xf2, 0xe, 0xf0, 0xcf, 0x20,
    0xef, 0x7, 0xa1, 0x8, 0x90,

    /* U+0023 "#" */
    0x0, 0x0, 0x9f, 0x30, 0x6, 0xf6, 0x0, 0x0,
    0x0, 0xbf, 0x10, 0x8, 0xf4, 0x0, 0x0, 0x0,
    0xdf, 0x0, 0xa, 0xf2, 0x0, 0xd, 0xff, 0xff,
    0xff, 0xff, 0xff, 0xfb, 0xb, 0xde, 0xff, 0xdd,
    0xdf, 0xfd, 0xda, 0x0, 0x3, 0xf9, 0x0, 0xf,
    0xd0, 0x0, 0x0, 0x5, 0xf7, 0x0, 0x2f, 0xb0,
    0x0, 0x0, 0x7, 0xf5, 0x0, 0x4f, 0x90, 0x0,
    0x0, 0x9, 0xf4, 0x0, 0x6f, 0x70, 0x0, 0x8f,
    0xff, 0xff, 0xff, 0xff, 0xff, 0xf1, 0x7d, 0xdf,
    0xfd, 0xdd, 0xff, 0xed, 0xd1, 0x0, 0xf, 0xe0,
    0x0, 0xcf, 0x10, 0x0, 0x0, 0x1f, 0xc0, 0x0,
    0xef, 0x0, 0x0, 0x0, 0x3f, 0xa0, 0x0, 0xfd,
    0x0, 0x0,

    /* U+0024 "$" */
    0x0, 0x0, 0x6, 0xf3, 0x0, 0x0, 0x0, 0x0,
    0x6, 0xf3, 0x0, 0x0, 0x0, 0x0, 0x6, 0xf3,
    0x0, 0x0, 0x0, 0x7, 0xcf, 0xff, 0xd8, 0x20,
    0x1, 0xdf, 0xff, 0xff, 0xff, 0xf2, 0xa, 0xff,
    0xa9, 0xf7, 0x7c, 0xc0, 0xf, 0xfb, 0x6, 0xf3,
    0x0, 0x10, 0xf, 0xfb, 0x6, 0xf3, 0x0, 0x0,
    0xa, 0xff, 0xba, 0xf3, 0x0, 0x0, 0x1, 0xcf,
    0xff, 0xfd, 0x83, 0x0, 0x0, 0x4, 0xae, 0xff,
    0xff, 0xa0, 0x0, 0x0, 0x6, 0xf9, 0xdf, 0xf8,
    0x0, 0x0, 0x6, 0xf3, 0xd, 0xfd, 0x5, 0x20,
    0x6, 0xf3, 0xc, 0xfd, 0xe, 0xfb, 0x69, 0xf7,
    0xaf, 0xf8, 0x1d, 0xff, 0xff, 0xff, 0xff, 0xc0,
    0x0, 0x4a, 0xdf, 0xfe, 0xb6, 0x0, 0x0, 0x0,
    0x6, 0xf3, 0x0, 0x0, 0x0, 0x0, 0x6, 0xf3,
    0x0, 0x0,

    /* U+0025 "%" */
    0x1, 0xaf, 0xfa, 0x10, 0x0, 0x0, 0xee, 0x10,
    0x0, 0xce, 0x66, 0xec, 0x0, 0x0, 0x9f, 0x50,
    0x0, 0x3f, 0x70, 0x7, 0xf3, 0x0, 0x4f, 0xa0,
    0x0, 0x5, 0xf4, 0x0, 0x4f, 0x50, 0x1e, 0xe1,
    0x0, 0x0, 0x4f, 0x60, 0x6, 0xf4, 0xa, 0xf4,
    0x0, 0x0, 0x0, 0xee, 0x33, 0xde, 0x5, 0xf9,
    0x0, 0x10, 0x0, 0x3, 0xef, 0xfe, 0x41, 0xed,
    0x19, 0xff, 0xd3, 0x0, 0x0, 0x44, 0x0, 0xbf,
    0x38, 0xf8, 0x6e, 0xe0, 0x0, 0x0, 0x0, 0x6f,
    0x80, 0xfb, 0x0, 0x5f, 0x50, 0x0, 0x0, 0x2f,
    0xd0, 0x2f, 0x70, 0x2, 0xf8, 0x0, 0x0, 0xc,
    0xf3, 0x1, 0xf7, 0x0, 0x2f, 0x80, 0x0, 0x7,
    0xf8, 0x0, 0xe, 0xb0, 0x5, 0xf5, 0x0, 0x2,
    0xfc, 0x0, 0x0, 0x7f, 0x85, 0xed, 0x0, 0x0,
    0xcf, 0x20, 0x0, 0x0, 0x8e, 0xfb, 0x20,

    /* U+0026 "&" */
    0x0, 0x1, 0x9e, 0xfe, 0xa1, 0x0, 0x0, 0x0,
    0x1e, 0xff, 0xdf, 0xfd, 0x0, 0x0, 0x0, 0x6f,
    0xf1, 0x1, 0xff, 0x30, 0x0, 0x0, 0x7f, 0xd0,
    0x0, 0xef, 0x30, 0x0, 0x0, 0x3f, 0xf5, 0x1a,
    0xfd, 0x0, 0x0, 0x0, 0x8, 0xff, 0xef, 0xc1,
    0x0, 0x0, 0x0, 0x6, 0xff, 0xfb, 0x0, 0x0,
    0x0, 0x0, 0xbf, 0xea, 0xff, 0x70, 0xc, 0x91,
    0xa, 0xfd, 0x10, 0x7f, 0xf8, 0x3f, 0xf0, 0x1f,
    0xf5, 0x0, 0x7, 0xff, 0xef, 0xa0, 0x2f, 0xf6,
    0x0, 0x0, 0x6f, 0xff, 0x30, 0xe, 0xfe, 0x62,
    0x14, 0xbf, 0xff, 0xc0, 0x4, 0xff, 0xff, 0xff,
    0xff, 0x9f, 0xf8, 0x0, 0x29, 0xdf, 0xfd, 0x82,
    0x3, 0xb0, 0x0, 0x0, 0x0, 0x0, 0x0, 0x0,
    0x0,

    /* U+0027 "'" */
    0xdf, 0x4d, 0xf3, 0xcf, 0x3c, 0xf2, 0xcf, 0x27,
    0xa1,

    /* U+0028 "(" */
    0x0, 0x2f, 0xf4, 0x0, 0xbf, 0xc0, 0x2, 0xff,
    0x50, 0x7, 0xff, 0x0, 0xb, 0xfb, 0x0, 0xf,
    0xf8, 0x0, 0x1f, 0xf5, 0x0, 0x3f, 0xf3, 0x0,
    0x4f, 0xf2, 0x0, 0x4f, 0xf2, 0x0, 0x4f, 0xf2,
    0x0, 0x3f, 0xf3, 0x0, 0x1f, 0xf5, 0x0, 0xf,
    0xf8, 0x0, 0xb, 0xfb, 0x0, 0x7, 0xff, 0x0,
    0x1, 0xff, 0x50, 0x0, 0xaf, 0xc0, 0x0, 0x2f,
    0xf3,

    /* U+0029 ")" */
    0x4f, 0xf2, 0x0, 0xd, 0xfa, 0x0, 0x6, 0xff,
    0x10, 0x1, 0xff, 0x60, 0x0, 0xcf, 0xb0, 0x0,
    0x8f, 0xe0, 0x0, 0x6f, 0xf1, 0x0, 0x4f, 0xf2,
    0x0, 0x3f, 0xf3, 0x0, 0x3f, 0xf4, 0x0, 0x3f,
    0xf3, 0x0, 0x4f, 0xf2, 0x0, 0x6f, 0xf1, 0x0,
    0x8f, 0xe0, 0x0, 0xcf, 0xb0, 0x1, 0xff, 0x60,
    0x6, 0xff, 0x10, 0xc, 0xfa, 0x0, 0x4f, 0xf2,
    0x0,

    /* U+002A "*" */
    0x0, 0x9, 0xe0, 0x0, 0x18, 0x9, 0xe0, 0x55,
    0x7f, 0xec, 0xfb, 0xfc, 0x4, 0xdf, 0xff, 0x70,
    0x7, 0xff, 0xff, 0xa1, 0x7f, 0xcb, 0xe9, 0xfc,
    0x5, 0x9, 0xe0, 0x23, 0x0, 0x7, 0xc0, 0x0,

    /* U+002B "+" */
    0x0, 0x1, 0x87, 0x0, 0x0, 0x0, 0x2, 0xff,
    0x0, 0x0, 0x0, 0x2, 0xff, 0x0, 0x0, 0x0,
    0x3, 0xff, 0x0, 0x0, 0xbf, 0xff, 0xff, 0xff,
    0xf8, 0xbf, 0xff, 0xff, 0xff, 0xf8, 0x0, 0x2,
    0xff, 0x0, 0x0, 0x0, 0x2, 0xff, 0x0, 0x0,
    0x0, 0x2, 0xff, 0x0, 0x0, 0x0, 0x1, 0x87,
    0x0, 0x0,

    /* U+002C "," */
    0x1, 0x40, 0x0, 0xef, 0xd0, 0x2f, 0xff, 0x0,
    0xaf, 0xd0, 0x6, 0xf7, 0x0, 0xaf, 0x20, 0xe,
    0xc0, 0x0,

    /* U+002D "-" */
    0x11, 0x11, 0x11, 0xef, 0xff, 0xf9, 0xef, 0xff,
    0xf9,

    /* U+002E "." */
    0x1, 0x51, 0x0, 0xef, 0xd0, 0x2f, 0xff, 0x0,
    0xaf, 0x80,

    /* U+002F "/" */
    0x0, 0x0, 0x0, 0x2f, 0xf1, 0x0, 0x0, 0x0,
    0x8f, 0xb0, 0x0, 0x0, 0x0, 0xdf, 0x50, 0x0,
    0x0, 0x3, 0xff, 0x0, 0x0, 0x0, 0x9, 0xfa,
    0x0, 0x0, 0x0, 0xe, 0xf5, 0x0, 0x0, 0x0,
    0x4f, 0xf0, 0x0, 0x0, 0x0, 0x9f, 0xa0, 0x0,
    0x0, 0x0, 0xef, 0x40, 0x0, 0x0, 0x4, 0xfe,
    0x0, 0x0, 0x0, 0xa, 0xf9, 0x0, 0x0, 0x0,
    0xf, 0xf3, 0x0, 0x0, 0x0, 0x5f, 0xe0, 0x0,
    0x0, 0x0, 0xaf, 0x80, 0x0, 0x0, 0x0, 0xff,
    0x30, 0x0, 0x0, 0x6, 0xfd, 0x0, 0x0, 0x0,
    0xb, 0xf8, 0x0, 0x0, 0x0, 0x1f, 0xf2, 0x0,
    0x0, 0x0, 0x6f, 0xd0, 0x0, 0x0, 0x0,

    /* U+0030 "0" */
    0x0, 0x1, 0x8d, 0xfe, 0xb4, 0x0, 0x0, 0x3,
    0xef, 0xff, 0xff, 0xf8, 0x0, 0x0, 0xef, 0xf9,
    0x56, 0xdf, 0xf6, 0x0, 0x7f, 0xf6, 0x0, 0x1,
    0xdf, 0xe0, 0xd, 0xfd, 0x0, 0x0, 0x6, 0xff,
    0x40, 0xff, 0x90, 0x0, 0x0, 0x2f, 0xf7, 0x1f,
    0xf8, 0x0, 0x0, 0x1, 0xff, 0x81, 0xff, 0x80,
    0x0, 0x0, 0x1f, 0xf8, 0xf, 0xf9, 0x0, 0x0,
    0x2, 0xff, 0x70, 0xdf, 0xd0, 0x0, 0x0, 0x6f,
    0xf4, 0x7, 0xff, 0x50, 0x0, 0xd, 0xfe, 0x0,
    0xe, 0xff, 0x95, 0x6d, 0xff, 0x60, 0x0, 0x3e,
    0xff, 0xff, 0xff, 0x80, 0x0, 0x0, 0x18, 0xdf,
    0xfb, 0x40, 0x0,

    /* U+0031 "1" */
    0xdf, 0xff, 0xfb, 0xdf, 0xff, 0xfb, 0x23, 0x3e,
    0xfb, 0x0, 0xe, 0xfb, 0x0, 0xe, 0xfb, 0x0,
    0xe, 0xfb, 0x0, 0xe, 0xfb, 0x0, 0xe, 0xfb,
    0x0, 0xe, 0xfb, 0x0, 0xe, 0xfb, 0x0, 0xe,
    0xfb, 0x0, 0xe, 0xfb, 0x0, 0xe, 0xfb, 0x0,
    0xe, 0xfb,

    /* U+0032 "2" */
    0x0, 0x6c, 0xef, 0xeb, 0x50, 0x0, 0x2d, 0xff,
    0xff, 0xff, 0xf9, 0x0, 0x8f, 0xfa, 0x54, 0x7e,
    0xff, 0x30, 0x5, 0x30, 0x0, 0x5, 0xff, 0x70,
    0x0, 0x0, 0x0, 0x2, 0xff, 0x70, 0x0, 0x0,
    0x0, 0x7, 0xff, 0x30, 0x0, 0x0, 0x0, 0x3f,
    0xfb, 0x0, 0x0, 0x0, 0x3, 0xff, 0xd1, 0x0,
    0x0, 0x0, 0x4f, 0xfd, 0x10, 0x0, 0x0, 0x5,
    0xff, 0xc1, 0x0, 0x0, 0x0, 0x6f, 0xfb, 0x0,
    0x0, 0x0, 0x8, 0xff, 0xd4, 0x33, 0x33, 0x30,
    0x4f, 0xff, 0xff, 0xff, 0xff, 0xf0, 0x4f, 0xff,
    0xff, 0xff, 0xff, 0xf0,

    /* U+0033 "3" */
    0x4f, 0xff, 0xff, 0xff, 0xff, 0x34, 0xff, 0xff,
    0xff, 0xff, 0xf3, 0x13, 0x33, 0x33, 0x9f, 0xf8,
    0x0, 0x0, 0x0, 0x6f, 0xf8, 0x0, 0x0, 0x0,
    0x6f, 0xf8, 0x0, 0x0, 0x0, 0x1f, 0xff, 0xc7,
    0x0, 0x0, 0x2, 0xff, 0xff, 0xfb, 0x0, 0x0,
    0x1, 0x13, 0xbf, 0xf6, 0x0, 0x0, 0x0, 0x0,
    0xff, 0xb0, 0x0, 0x0, 0x0, 0xd, 0xfc, 0x18,
    0x0, 0x0, 0x2, 0xff, 0xa8, 0xfe, 0x85, 0x57,
    0xef, 0xf4, 0xaf, 0xff, 0xff, 0xff, 0xf8, 0x0,
    0x39, 0xdf, 0xfe, 0xb4, 0x0,

    /* U+0034 "4" */
    0x0, 0x0, 0x0, 0xc, 0xfe, 0x10, 0x0, 0x0,
    0x0, 0x0, 0x8f, 0xf4, 0x0, 0x0, 0x0, 0x0,
    0x4, 0xff, 0x80, 0x0, 0x0, 0x0, 0x0, 0x2e,
    0xfc, 0x0, 0x0, 0x0, 0x0, 0x0, 0xcf, 0xe1,
    0x0, 0x0, 0x0, 0x0, 0x9, 0xff, 0x40, 0x11,
    0x10, 0x0, 0x0, 0x5f, 0xf8, 0x0, 0x9f, 0xe0,
    0x0, 0x2, 0xef, 0xc0, 0x0, 0x9f, 0xe0, 0x0,
    0xc, 0xff, 0x54, 0x44, 0xaf, 0xe4, 0x41, 0x4f,
    0xff, 0xff, 0xff, 0xff, 0xff, 0xf5, 0x5f, 0xff,
    0xff, 0xff, 0xff, 0xff, 0xf5, 0x0, 0x0, 0x0,
    0x0, 0xaf, 0xe0, 0x0, 0x0, 0x0, 0x0, 0x0,
    0xaf, 0xe0, 0x0, 0x0, 0x0, 0x0, 0x0, 0xaf,
    0xe0, 0x0,

    /* U+0035 "5" */
    0x0, 0xff, 0xff, 0xff, 0xff, 0x30, 0x2, 0xff,
    0xff, 0xff, 0xff, 0x30, 0x3, 0xff, 0x53, 0x33,
    0x33, 0x0, 0x5, 0xff, 0x10, 0x0, 0x0, 0x0,
    0x6, 0xff, 0x0, 0x0, 0x0, 0x0, 0x8, 0xff,
    0xff, 0xec, 0x70, 0x0, 0xa, 0xff, 0xff, 0xff,
    0xfd, 0x10, 0x2, 0x33, 0x34, 0x6c, 0xff, 0xa0,
    0x0, 0x0, 0x0, 0x0, 0xcf, 0xf0, 0x0, 0x0,
    0x0, 0x0, 0x9f, 0xf0, 0x7, 0x10, 0x0, 0x0,
    0xdf, 0xe0, 0x4f, 0xf9, 0x64, 0x6c, 0xff, 0x80,
    0x6f, 0xff, 0xff, 0xff, 0xfb, 0x0, 0x2, 0x8c,
    0xff, 0xfc, 0x60, 0x0,

    /* U+0036 "6" */
    0x0, 0x0, 0x4b, 0xef, 0xfd, 0x81, 0x0, 0x0,
    0xbf, 0xff, 0xff, 0xff, 0x20, 0x0, 0xbf, 0xfb,
    0x63, 0x46, 0x70, 0x0, 0x5f, 0xf8, 0x0, 0x0,
    0x0, 0x0, 0xb, 0xfe, 0x0, 0x0, 0x0, 0x0,
    0x0, 0xff, 0x95, 0xcf, 0xfd, 0x81, 0x0, 0x1f,
    0xfe, 0xff, 0xff, 0xff, 0xd1, 0x1, 0xff, 0xfd,
    0x51, 0x29, 0xff, 0xa0, 0xf, 0xff, 0x20, 0x0,
    0xa, 0xff, 0x0, 0xef, 0xe0, 0x0, 0x0, 0x7f,
    0xf0, 0x9, 0xff, 0x20, 0x0, 0xa, 0xfe, 0x0,
    0x1f, 0xfd, 0x41, 0x29, 0xff, 0x80, 0x0, 0x4f,
    0xff, 0xff, 0xff, 0xc0, 0x0, 0x0, 0x29, 0xdf,
    0xfc, 0x60, 0x0,

    /* U+0037 "7" */
    0x7f, 0xff, 0xff, 0xff, 0xff, 0xf7, 0x7f, 0xff,
    0xff, 0xff, 0xff, 0xf6, 0x7f, 0xf4, 0x44, 0x44,
    0xcf, 0xf2, 0x7f, 0xf0, 0x0, 0x1, 0xff, 0xa0,
    0x4a, 0x90, 0x0, 0x8, 0xff, 0x30, 0x0, 0x0,
    0x0, 0xe, 0xfc, 0x0, 0x0, 0x0, 0x0, 0x6f,
    0xf5, 0x0, 0x0, 0x0, 0x0, 0xdf, 0xe0, 0x0,
    0x0, 0x0, 0x5, 0xff, 0x70, 0x0, 0x0, 0x0,
    0xc, 0xff, 0x0, 0x0, 0x0, 0x0, 0x3f, 0xf8,
    0x0, 0x0, 0x0, 0x0, 0xaf, 0xf2, 0x0, 0x0,
    0x0, 0x2, 0xff, 0xa0, 0x0, 0x0, 0x0, 0x8,
    0xff, 0x30, 0x0, 0x0,

    /* U+0038 "8" */
    0x0, 0x6, 0xce, 0xfe, 0xc6, 0x0, 0x0, 0xc,
    0xff, 0xff, 0xff, 0xfc, 0x0, 0x7, 0xff, 0xa3,
    0x13, 0xaf, 0xf7, 0x0, 0xaf, 0xe0, 0x0, 0x0,
    0xef, 0xb0, 0x9, 0xff, 0x10, 0x0, 0xe, 0xfa,
    0x0, 0x3f, 0xfd, 0x65, 0x6d, 0xff, 0x30, 0x0,
    0x6f, 0xff, 0xff, 0xff, 0x70, 0x0, 0x5f, 0xff,
    0xa9, 0xaf, 0xff, 0x50, 0xe, 0xfd, 0x10, 0x0,
    0x1d, 0xff, 0x2, 0xff, 0x70, 0x0, 0x0, 0x6f,
    0xf3, 0x2f, 0xf9, 0x0, 0x0, 0x8, 0xff, 0x20,
    0xcf, 0xf8, 0x21, 0x28, 0xff, 0xd0, 0x2, 0xef,
    0xff, 0xff, 0xff, 0xe2, 0x0, 0x0, 0x7c, 0xff,
    0xfc, 0x71, 0x0,

    /* U+0039 "9" */
    0x0, 0x3a, 0xef, 0xfc, 0x60, 0x0, 0x6, 0xff,
    0xff, 0xff, 0xfb, 0x0, 0x2f, 0xfc, 0x41, 0x27,
    0xff, 0x90, 0x7f, 0xf1, 0x0, 0x0, 0x7f, 0xf1,
    0x7f, 0xf1, 0x0, 0x0, 0x7f, 0xf6, 0x4f, 0xfb,
    0x30, 0x16, 0xff, 0xf9, 0x9, 0xff, 0xff, 0xff,
    0xff, 0xfa, 0x0, 0x6d, 0xff, 0xfb, 0x2f, 0xf9,
    0x0, 0x0, 0x1, 0x0, 0x2f, 0xf8, 0x0, 0x0,
    0x0, 0x0, 0x7f, 0xf4, 0x0, 0x0, 0x0, 0x2,
    0xff, 0xd0, 0x2, 0xb5, 0x34, 0x8f, 0xff, 0x40,
    0x9, 0xff, 0xff, 0xff, 0xf5, 0x0, 0x4, 0xbe,
    0xff, 0xd8, 0x10, 0x0,

    /* U+003A ":" */
    0xa, 0xf9, 0x2, 0xff, 0xf0, 0xe, 0xfd, 0x0,
    0x15, 0x10, 0x0, 0x0, 0x0, 0x0, 0x0, 0x0,
    0x0, 0x0, 0x15, 0x10, 0xe, 0xfd, 0x2, 0xff,
    0xf0, 0xa, 0xf8, 0x0,

    /* U+003B ";" */
    0xa, 0xf9, 0x2, 0xff, 0xf0, 0xe, 0xfd, 0x0,
    0x15, 0x10, 0x0, 0x0, 0x0, 0x0, 0x0, 0x0,
    0x0, 0x0, 0x14, 0x0, 0xe, 0xfd, 0x2, 0xff,
    0xf0, 0xa, 0xfd, 0x0, 0x6f, 0x70, 0xa, 0xf2,
    0x0, 0xec, 0x0,

    /* U+003C "<" */
    0x0, 0x0, 0x0, 0x1, 0x76, 0x0, 0x0, 0x4,
    0xaf, 0xf8, 0x0, 0x17, 0xef, 0xff, 0x92, 0x4b,
    0xff, 0xfc, 0x60, 0x0, 0xbf, 0xf8, 0x20, 0x0,
    0x0, 0xbf, 0xfc, 0x61, 0x0, 0x0, 0x17, 0xdf,
    0xff, 0xa4, 0x0, 0x0, 0x3, 0xaf, 0xff, 0xe4,
    0x0, 0x0, 0x1, 0x6d, 0xf8, 0x0, 0x0, 0x0,
    0x0, 0x34,

    /* U+003D "=" */
    0xbf, 0xff, 0xff, 0xff, 0xf8, 0xbf, 0xff, 0xff,
    0xff, 0xf8, 0x0, 0x0, 0x0, 0x0, 0x0, 0x0,
    0x0, 0x0, 0x0, 0x0, 0x0, 0x0, 0x0, 0x0,
    0x0, 0xbf, 0xff, 0xff, 0xff, 0xf8, 0xbf, 0xff,
    0xff, 0xff, 0xf8,

    /* U+003E ">" */
    0x86, 0x0, 0x0, 0x0, 0x0, 0xbf, 0xf9, 0x30,
    0x0, 0x0, 0x4b, 0xff, 0xfd, 0x61, 0x0, 0x0,
    0x17, 0xdf, 0xff, 0xa2, 0x0, 0x0, 0x3, 0x9f,
    0xf8, 0x0, 0x0, 0x17, 0xdf, 0xf8, 0x0, 0x5b,
    0xff, 0xfc, 0x50, 0x7e, 0xff, 0xe8, 0x20, 0x0,
    0xbf, 0xb5, 0x0, 0x0, 0x0, 0x52, 0x0, 0x0,
    0x0, 0x0,

    /* U+003F "?" */
    0x0, 0x6c, 0xef, 0xeb, 0x50, 0x2, 0xdf, 0xff,
    0xff, 0xff, 0xa0, 0x9f, 0xf8, 0x43, 0x6e, 0xff,
    0x30, 0x53, 0x0, 0x0, 0x5f, 0xf6, 0x0, 0x0,
    0x0, 0x5, 0xff, 0x40, 0x0, 0x0, 0x2, 0xef,
    0xc0, 0x0, 0x0, 0x3, 0xef, 0xc1, 0x0, 0x0,
    0x1, 0xef, 0xc0, 0x0, 0x0, 0x0, 0x7f, 0xf2,
    0x0, 0x0, 0x0, 0x2, 0x33, 0x0, 0x0, 0x0,
    0x0, 0x1, 0x0, 0x0, 0x0, 0x0, 0x8, 0xfe,
    0x10, 0x0, 0x0, 0x0, 0xdf, 0xf4, 0x0, 0x0,
    0x0, 0x6, 0xfc, 0x0, 0x0,

    /* U+0040 "@" */
    0x0, 0x0, 0x0, 0x49, 0xdf, 0xff, 0xd9, 0x30,
    0x0, 0x0, 0x0, 0x0, 0x4d, 0xff, 0xdb, 0xab,
    0xef, 0xfc, 0x20, 0x0, 0x0, 0x6, 0xff, 0x92,
    0x0, 0x0, 0x2, 0x9f, 0xf4, 0x0, 0x0, 0x5f,
    0xe3, 0x0, 0x0, 0x0, 0x0, 0x3, 0xef, 0x30,
    0x1, 0xef, 0x30, 0x6, 0xdf, 0xfb, 0x3d, 0xf6,
    0x3f, 0xc0, 0x7, 0xf8, 0x0, 0xaf, 0xff, 0xef,
    0xff, 0xf6, 0x9, 0xf4, 0xc, 0xf1, 0x5, 0xff,
    0x60, 0x2, 0xcf, 0xf6, 0x2, 0xf9, 0xf, 0xd0,
    0xc, 0xf9, 0x0, 0x0, 0x1f, 0xf6, 0x0, 0xfb,
    0x1f, 0xb0, 0xe, 0xf5, 0x0, 0x0, 0xd, 0xf6,
    0x0, 0xec, 0x1f, 0xb0, 0xe, 0xf5, 0x0, 0x0,
    0xd, 0xf6, 0x0, 0xec, 0xf, 0xd0, 0xc, 0xfa,
    0x0, 0x0, 0x2f, 0xf6, 0x1, 0xfa, 0xc, 0xf1,
    0x5, 0xff, 0x70, 0x2, 0xcf, 0xf9, 0x8, 0xf5,
    0x7, 0xf8, 0x0, 0xaf, 0xff, 0xef, 0xfb, 0xff,
    0xef, 0xc0, 0x1, 0xef, 0x20, 0x6, 0xdf, 0xfb,
    0x30, 0x9f, 0xfa, 0x10, 0x0, 0x5f, 0xe3, 0x0,
    0x0, 0x0, 0x0, 0x0, 0x0, 0x0, 0x0, 0x6,
    0xff, 0x82, 0x0, 0x0, 0x4, 0x20, 0x0, 0x0,
    0x0, 0x0, 0x4d, 0xff, 0xdb, 0xbc, 0xff, 0x90,
    0x0, 0x0, 0x0, 0x0, 0x0, 0x5a, 0xdf, 0xfe,
    0xc8, 0x20, 0x0, 0x0,

    /* U+0041 "A" */
    0x0, 0x0, 0x0, 0x1f, 0xff, 0x0, 0x0, 0x0,
    0x0, 0x0, 0x0, 0x7, 0xff, 0xf7, 0x0, 0x0,
    0x0, 0x0, 0x0, 0x0, 0xef, 0xff, 0xe0, 0x0,
    0x0, 0x0, 0x0, 0x0, 0x5f, 0xf4, 0xff, 0x50,
    0x0, 0x0, 0x0, 0x0, 0xd, 0xfa, 0xb, 0xfc,
    0x0, 0x0, 0x0, 0x0, 0x4, 0xff, 0x30, 0x4f,
    0xf3, 0x0, 0x0, 0x0, 0x0, 0xbf, 0xc0, 0x0,
    0xdf, 0xb0, 0x0, 0x0, 0x0, 0x2f, 0xf5, 0x0,
    0x7, 0xff, 0x20, 0x0, 0x0, 0x9, 0xfe, 0x11,
    0x11, 0x2f, 0xf9, 0x0, 0x0, 0x1, 0xff, 0xff,
    0xff, 0xff, 0xff, 0xf1, 0x0, 0x0, 0x8f, 0xff,
    0xff, 0xff, 0xff, 0xff, 0x80, 0x0, 0xe, 0xfa,
    0x0, 0x0, 0x0, 0xb, 0xfe, 0x0, 0x6, 0xff,
    0x30, 0x0, 0x0, 0x0, 0x4f, 0xf6, 0x0, 0xdf,
    0xc0, 0x0, 0x0, 0x0, 0x0, 0xdf, 0xd0,

    /* U+0042 "B" */
    0x2f, 0xff, 0xff, 0xff, 0xfc, 0x70, 0x0, 0x2f,
    0xff, 0xff, 0xff, 0xff, 0xfd, 0x0, 0x2f, 0xf8,
    0x11, 0x11, 0x4c, 0xff, 0x60, 0x2f, 0xf7, 0x0,
    0x0, 0x1, 0xff, 0x90, 0x2f, 0xf7, 0x0, 0x0,
    0x1, 0xff, 0x60, 0x2f, 0xf8, 0x11, 0x11, 0x3c,
    0xfd, 0x0, 0x2f, 0xff, 0xff, 0xff, 0xff, 0xf5,
    0x0, 0x2f, 0xff, 0xff, 0xff, 0xff, 0xff, 0x70,
    0x2f, 0xf7, 0x0, 0x0, 0x4, 0xef, 0xf1, 0x2f,
    0xf7, 0x0, 0x0, 0x0, 0x6f, 0xf4, 0x2f, 0xf7,
    0x0, 0x0, 0x0, 0x6f, 0xf4, 0x2f, 0xf8, 0x11,
    0x11, 0x25, 0xef, 0xf1, 0x2f, 0xff, 0xff, 0xff,
    0xff, 0xff, 0x60, 0x2f, 0xff, 0xff, 0xff, 0xfe,
    0xa3, 0x0,

    /* U+0043 "C" */
    0x0, 0x0, 0x18, 0xcf, 0xfe, 0xb6, 0x0, 0x0,
    0x6, 0xff, 0xff, 0xff, 0xff, 0xd2, 0x0, 0x7f,
    0xff, 0xa6, 0x56, 0xbf, 0xfa, 0x3, 0xff, 0xe3,
    0x0, 0x0, 0x4, 0x90, 0xa, 0xff, 0x30, 0x0,
    0x0, 0x0, 0x0, 0xf, 0xfb, 0x0, 0x0, 0x0,
    0x0, 0x0, 0x1f, 0xf8, 0x0, 0x0, 0x0, 0x0,
    0x0, 0x1f, 0xf8, 0x0, 0x0, 0x0, 0x0, 0x0,
    0xf, 0xfb, 0x0, 0x0, 0x0, 0x0, 0x0, 0xa,
    0xff, 0x30, 0x0, 0x0, 0x0, 0x0, 0x3, 0xff,
    0xe3, 0x0, 0x0, 0x4, 0x90, 0x0, 0x7f, 0xff,
    0xa6, 0x56, 0xbf, 0xfa, 0x0, 0x6, 0xff, 0xff,
    0xff, 0xff, 0xd2, 0x0, 0x0, 0x18, 0xcf, 0xfe,
    0xb6, 0x0,

    /* U+0044 "D" */
    0x2f, 0xff, 0xff, 0xff, 0xea, 0x50, 0x0, 0x2,
    0xff, 0xff, 0xff, 0xff, 0xff, 0xc2, 0x0, 0x2f,
    0xf9, 0x44, 0x44, 0x7c, 0xff, 0xe2, 0x2, 0xff,
    0x70, 0x0, 0x0, 0x7, 0xff, 0xc0, 0x2f, 0xf7,
    0x0, 0x0, 0x0, 0xa, 0xff, 0x32, 0xff, 0x70,
    0x0, 0x0, 0x0, 0x3f, 0xf7, 0x2f, 0xf7, 0x0,
    0x0, 0x0, 0x0, 0xff, 0x92, 0xff, 0x70, 0x0,
    0x0, 0x0, 0xf, 0xf9, 0x2f, 0xf7, 0x0, 0x0,
    0x0, 0x3, 0xff, 0x72, 0xff, 0x70, 0x0, 0x0,
    0x0, 0xaf, 0xf3, 0x2f, 0xf7, 0x0, 0x0, 0x0,
    0x7f, 0xfc, 0x2, 0xff, 0x93, 0x33, 0x46, 0xcf,
    0xfe, 0x20, 0x2f, 0xff, 0xff, 0xff, 0xff, 0xfc,
    0x20, 0x2, 0xff, 0xff, 0xff, 0xfe, 0xa5, 0x0,
    0x0,

    /* U+0045 "E" */
    0x2f, 0xff, 0xff, 0xff, 0xff, 0xf1, 0x2f, 0xff,
    0xff, 0xff, 0xff, 0xf1, 0x2f, 0xf9, 0x33, 0x33,
    0x33, 0x30, 0x2f, 0xf7, 0x0, 0x0, 0x0, 0x0,
    0x2f, 0xf7, 0x0, 0x0, 0x0, 0x0, 0x2f, 0xf9,
    0x22, 0x22, 0x22, 0x0, 0x2f, 0xff, 0xff, 0xff,
    0xff, 0x30, 0x2f, 0xff, 0xff, 0xff, 0xff, 0x30,
    0x2f, 0xf7, 0x0, 0x0, 0x0, 0x0, 0x2f, 0xf7,
    0x0, 0x0, 0x0, 0x0, 0x2f, 0xf7, 0x0, 0x0,
    0x0, 0x0, 0x2f, 0xf9, 0x33, 0x33, 0x33, 0x31,
    0x2f, 0xff, 0xff, 0xff, 0xff, 0xf6, 0x2f, 0xff,
    0xff, 0xff, 0xff, 0xf6,

    /* U+0046 "F" */
    0x2f, 0xff, 0xff, 0xff, 0xff, 0xf1, 0x2f, 0xff,
    0xff, 0xff, 0xff, 0xf1, 0x2f, 0xf9, 0x33, 0x33,
    0x33, 0x30, 0x2f, 0xf7, 0x0, 0x0, 0x0, 0x0,
    0x2f, 0xf7, 0x0, 0x0, 0x0, 0x0, 0x2f, 0xf7,
    0x0, 0x0, 0x0, 0x0, 0x2f, 0xff, 0xff, 0xff,
    0xff, 0x30, 0x2f, 0xff, 0xff, 0xff, 0xff, 0x30,
    0x2f, 0xf9, 0x44, 0x44, 0x44, 0x0, 0x2f, 0xf7,
    0x0, 0x0, 0x0, 0x0, 0x2f, 0xf7, 0x0, 0x0,
    0x0, 0x0, 0x2f, 0xf7, 0x0, 0x0, 0x0, 0x0,
    0x2f, 0xf7, 0x0, 0x0, 0x0, 0x0, 0x2f, 0xf7,
    0x0, 0x0, 0x0, 0x0,

    /* U+0047 "G" */
    0x0, 0x0, 0x17, 0xcf, 0xfe, 0xc7, 0x10, 0x0,
    0x0, 0x6f, 0xff, 0xff, 0xff, 0xfe, 0x40, 0x0,
    0x7f, 0xff, 0xb6, 0x56, 0xaf, 0xfc, 0x0, 0x3f,
    0xfe, 0x30, 0x0, 0x0, 0x29, 0x0, 0xa, 0xff,
    0x30, 0x0, 0x0, 0x0, 0x0, 0x0, 0xff, 0xb0,
    0x0, 0x0, 0x0, 0x0, 0x0, 0x1f, 0xf8, 0x0,
    0x0, 0x0, 0x1, 0x22, 0x1, 0xff, 0x80, 0x0,
    0x0, 0x0, 0x9f, 0xe0, 0xf, 0xfb, 0x0, 0x0,
    0x0, 0x9, 0xfe, 0x0, 0xaf, 0xf3, 0x0, 0x0,
    0x0, 0x9f, 0xe0, 0x3, 0xff, 0xe3, 0x0, 0x0,
    0x9, 0xfe, 0x0, 0x7, 0xff, 0xfb, 0x65, 0x6a,
    0xff, 0xe0, 0x0, 0x6, 0xff, 0xff, 0xff, 0xff,
    0xf7, 0x0, 0x0, 0x1, 0x8c, 0xff, 0xec, 0x71,
    0x0,

    /* U+0048 "H" */
    0x2f, 0xf7, 0x0, 0x0, 0x0, 0x4f, 0xf5, 0x2f,
    0xf7, 0x0, 0x0, 0x0, 0x4f, 0xf5, 0x2f, 0xf7,
    0x0, 0x0, 0x0, 0x4f, 0xf5, 0x2f, 0xf7, 0x0,
    0x0, 0x0, 0x4f, 0xf5, 0x2f, 0xf7, 0x0, 0x0,
    0x0, 0x4f, 0xf5, 0x2f, 0xfa, 0x44, 0x44, 0x44,
    0x7f, 0xf5, 0x2f, 0xff, 0xff, 0xff, 0xff, 0xff,
    0xf5, 0x2f, 0xff, 0xff, 0xff, 0xff, 0xff, 0xf5,
    0x2f, 0xf7, 0x0, 0x0, 0x0, 0x4f, 0xf5, 0x2f,
    0xf7, 0x0, 0x0, 0x0, 0x4f, 0xf5, 0x2f, 0xf7,
    0x0, 0x0, 0x0, 0x4f, 0xf5, 0x2f, 0xf7, 0x0,
    0x0, 0x0, 0x4f, 0xf5, 0x2f, 0xf7, 0x0, 0x0,
    0x0, 0x4f, 0xf5, 0x2f, 0xf7, 0x0, 0x0, 0x0,
    0x4f, 0xf5,

    /* U+0049 "I" */
    0x2f, 0xf7, 0x2f, 0xf7, 0x2f, 0xf7, 0x2f, 0xf7,
    0x2f, 0xf7, 0x2f, 0xf7, 0x2f, 0xf7, 0x2f, 0xf7,
    0x2f, 0xf7, 0x2f, 0xf7, 0x2f, 0xf7, 0x2f, 0xf7,
    0x2f, 0xf7, 0x2f, 0xf7,

    /* U+004A "J" */
    0x0, 0xcf, 0xff, 0xff, 0xfc, 0x0, 0xcf, 0xff,
    0xff, 0xfc, 0x0, 0x23, 0x33, 0x3d, 0xfc, 0x0,
    0x0, 0x0, 0xd, 0xfc, 0x0, 0x0, 0x0, 0xd,
    0xfc, 0x0, 0x0, 0x0, 0xd, 0xfc, 0x0, 0x0,
    0x0, 0xd, 0xfc, 0x0, 0x0, 0x0, 0xd, 0xfc,
    0x0, 0x0, 0x0, 0xd, 0xfc, 0x0, 0x0, 0x0,
    0xd, 0xfc, 0x2, 0x60, 0x0, 0x1f, 0xfa, 0xd,
    0xfa, 0x44, 0xbf, 0xf6, 0xb, 0xff, 0xff, 0xff,
    0xc0, 0x0, 0x6c, 0xff, 0xd8, 0x0,

    /* U+004B "K" */
    0x2f, 0xf7, 0x0, 0x0, 0x2, 0xef, 0xc0, 0x2f,
    0xf7, 0x0, 0x0, 0x2e, 0xfd, 0x10, 0x2f, 0xf7,
    0x0, 0x1, 0xef, 0xd1, 0x0, 0x2f, 0xf7, 0x0,
    0x1d, 0xfe, 0x20, 0x0, 0x2f, 0xf7, 0x1, 0xdf,
    0xe2, 0x0, 0x0, 0x2f, 0xf7, 0x1d, 0xff, 0x30,
    0x0, 0x0, 0x2f, 0xf8, 0xcf, 0xfb, 0x0, 0x0,
    0x0, 0x2f, 0xff, 0xff, 0xff, 0x70, 0x0, 0x0,
    0x2f, 0xff, 0xf7, 0xef, 0xf4, 0x0, 0x0, 0x2f,
    0xff, 0x60, 0x3f, 0xfe, 0x20, 0x0, 0x2f, 0xf9,
    0x0, 0x4, 0xff, 0xd0, 0x0, 0x2f, 0xf7, 0x0,
    0x0, 0x7f, 0xfa, 0x0, 0x2f, 0xf7, 0x0, 0x0,
    0x9, 0xff, 0x70, 0x2f, 0xf7, 0x0, 0x0, 0x0,
    0xcf, 0xf4,

    /* U+004C "L" */
    0x2f, 0xf7, 0x0, 0x0, 0x0, 0x2, 0xff, 0x70,
    0x0, 0x0, 0x0, 0x2f, 0xf7, 0x0, 0x0, 0x0,
    0x2, 0xff, 0x70, 0x0, 0x0, 0x0, 0x2f, 0xf7,
    0x0, 0x0, 0x0, 0x2, 0xff, 0x70, 0x0, 0x0,
    0x0, 0x2f, 0xf7, 0x0, 0x0, 0x0, 0x2, 0xff,
    0x70, 0x0, 0x0, 0x0, 0x2f, 0xf7, 0x0, 0x0,
    0x0, 0x2, 0xff, 0x70, 0x0, 0x0, 0x0, 0x2f,
    0xf7, 0x0, 0x0, 0x0, 0x2, 0xff, 0x93, 0x33,
    0x33, 0x33, 0x2f, 0xff, 0xff, 0xff, 0xff, 0xc2,
    0xff, 0xff, 0xff, 0xff, 0xfc,

    /* U+004D "M" */
    0x2f, 0xf5, 0x0, 0x0, 0x0, 0x0, 0x4, 0xff,
    0x32, 0xff, 0xe0, 0x0, 0x0, 0x0, 0x0, 0xdf,
    0xf3, 0x2f, 0xff, 0x80, 0x0, 0x0, 0x0, 0x6f,
    0xff, 0x32, 0xff, 0xff, 0x20, 0x0, 0x0, 0x1f,
    0xff, 0xf3, 0x2f, 0xff, 0xfb, 0x0, 0x0, 0xa,
    0xff, 0xff, 0x32, 0xff, 0x8f, 0xf5, 0x0, 0x3,
    0xff, 0x7f, 0xf3, 0x2f, 0xf5, 0x8f, 0xe0, 0x0,
    0xcf, 0x94, 0xff, 0x32, 0xff, 0x50, 0xef, 0x80,
    0x6f, 0xe1, 0x4f, 0xf3, 0x2f, 0xf5, 0x5, 0xff,
    0x3e, 0xf6, 0x4, 0xff, 0x32, 0xff, 0x50, 0xc,
    0xff, 0xfc, 0x0, 0x4f, 0xf3, 0x2f, 0xf5, 0x0,
    0x2f, 0xff, 0x30, 0x4, 0xff, 0x32, 0xff, 0x50,
    0x0, 0x9f, 0xa0, 0x0, 0x4f, 0xf3, 0x2f, 0xf5,
    0x0, 0x0, 0x61, 0x0, 0x4, 0xff, 0x32, 0xff,
    0x50, 0x0, 0x0, 0x0, 0x0, 0x4f, 0xf3,

    /* U+004E "N" */
    0x2f, 0xf6, 0x0, 0x0, 0x0, 0x4f, 0xf5, 0x2f,
    0xff, 0x30, 0x0, 0x0, 0x4f, 0xf5, 0x2f, 0xff,
    0xe1, 0x0, 0x0, 0x4f, 0xf5, 0x2f, 0xff, 0xfc,
    0x0, 0x0, 0x4f, 0xf5, 0x2f, 0xfc, 0xff, 0x90,
    0x0, 0x4f, 0xf5, 0x2f, 0xf7, 0x9f, 0xf6, 0x0,
    0x4f, 0xf5, 0x2f, 0xf7, 0xc, 0xff, 0x30, 0x4f,
    0xf5, 0x2f, 0xf7, 0x1, 0xef, 0xe1, 0x4f, 0xf5,
    0x2f, 0xf7, 0x0, 0x3f, 0xfc, 0x4f, 0xf5, 0x2f,
    0xf7, 0x0, 0x6, 0xff, 0xdf, 0xf5, 0x2f, 0xf7,
    0x0, 0x0, 0x9f, 0xff, 0xf5, 0x2f, 0xf7, 0x0,
    0x0, 0xc, 0xff, 0xf5, 0x2f, 0xf7, 0x0, 0x0,
    0x1, 0xef, 0xf5, 0x2f, 0xf7, 0x0, 0x0, 0x0,
    0x3f, 0xf5,

    /* U+004F "O" */
    0x0, 0x0, 0x17, 0xcf, 0xfe, 0xc6, 0x0, 0x0,
    0x0, 0x6, 0xff, 0xff, 0xff, 0xff, 0xe4, 0x0,
    0x0, 0x7f, 0xff, 0xa6, 0x57, 0xbf, 0xff, 0x40,
    0x3, 0xff, 0xe3, 0x0, 0x0, 0x4, 0xff, 0xf1,
    0xa, 0xff, 0x30, 0x0, 0x0, 0x0, 0x6f, 0xf8,
    0xf, 0xfb, 0x0, 0x0, 0x0, 0x0, 0xe, 0xfc,
    0x1f, 0xf8, 0x0, 0x0, 0x0, 0x0, 0xb, 0xfe,
    0x1f, 0xf8, 0x0, 0x0, 0x0, 0x0, 0xb, 0xfe,
    0xf, 0xfb, 0x0, 0x0, 0x0, 0x0, 0xe, 0xfc,
    0xa, 0xff, 0x30, 0x0, 0x0, 0x0, 0x6f, 0xf8,
    0x3, 0xff, 0xe3, 0x0, 0x0, 0x4, 0xff, 0xf1,
    0x0, 0x7f, 0xff, 0xa6, 0x57, 0xbf, 0xff, 0x50,
    0x0, 0x6, 0xff, 0xff, 0xff, 0xff, 0xe4, 0x0,
    0x0, 0x0, 0x17, 0xcf, 0xfe, 0xc6, 0x0, 0x0,

    /* U+0050 "P" */
    0x2f, 0xff, 0xff, 0xff, 0xc8, 0x10, 0x2, 0xff,
    0xff, 0xff, 0xff, 0xfe, 0x30, 0x2f, 0xf9, 0x44,
    0x45, 0xaf, 0xfe, 0x2, 0xff, 0x70, 0x0, 0x0,
    0x7f, 0xf6, 0x2f, 0xf7, 0x0, 0x0, 0x1, 0xff,
    0x92, 0xff, 0x70, 0x0, 0x0, 0x1f, 0xf8, 0x2f,
    0xf7, 0x0, 0x0, 0x7, 0xff, 0x62, 0xff, 0x94,
    0x44, 0x5a, 0xff, 0xe0, 0x2f, 0xff, 0xff, 0xff,
    0xff, 0xe3, 0x2, 0xff, 0xff, 0xff, 0xfc, 0x81,
    0x0, 0x2f, 0xf7, 0x0, 0x0, 0x0, 0x0, 0x2,
    0xff, 0x70, 0x0, 0x0, 0x0, 0x0, 0x2f, 0xf7,
    0x0, 0x0, 0x0, 0x0, 0x2, 0xff, 0x70, 0x0,
    0x0, 0x0, 0x0,

    /* U+0051 "Q" */
    0x0, 0x0, 0x17, 0xcf, 0xfe, 0xc6, 0x0, 0x0,
    0x0, 0x0, 0x6f, 0xff, 0xff, 0xff, 0xfe, 0x40,
    0x0, 0x0, 0x7f, 0xff, 0xa6, 0x57, 0xbf, 0xff,
    0x50, 0x0, 0x3f, 0xfe, 0x30, 0x0, 0x0, 0x4f,
    0xff, 0x10, 0xa, 0xff, 0x30, 0x0, 0x0, 0x0,
    0x6f, 0xf8, 0x0, 0xff, 0xb0, 0x0, 0x0, 0x0,
    0x0, 0xef, 0xc0, 0x1f, 0xf8, 0x0, 0x0, 0x0,
    0x0, 0xb, 0xfe, 0x1, 0xff, 0x80, 0x0, 0x0,
    0x0, 0x0, 0xbf, 0xe0, 0xf, 0xfb, 0x0, 0x0,
    0x0, 0x0, 0xe, 0xfc, 0x0, 0xaf, 0xf3, 0x0,
    0x0, 0x0, 0x6, 0xff, 0x80, 0x3, 0xff, 0xe3,
    0x0, 0x0, 0x4, 0xff, 0xf1, 0x0, 0x7, 0xff,
    0xfa, 0x65, 0x7b, 0xff, 0xf5, 0x0, 0x0, 0x6,
    0xff, 0xff, 0xff, 0xff, 0xe4, 0x0, 0x0, 0x0,
    0x1, 0x7c, 0xff, 0xff, 0x60, 0x0, 0x0, 0x0,
    0x0, 0x0, 0x1, 0xcf, 0xf9, 0x11, 0x7e, 0x10,
    0x0, 0x0, 0x0, 0x0, 0xbf, 0xff, 0xff, 0xf6,
    0x0, 0x0, 0x0, 0x0, 0x0, 0x5c, 0xff, 0xc4,
    0x0,

    /* U+0052 "R" */
    0x2f, 0xff, 0xff, 0xff, 0xd8, 0x10, 0x2, 0xff,
    0xff, 0xff, 0xff, 0xfe, 0x30, 0x2f, 0xf9, 0x44,
    0x45, 0xaf, 0xfe, 0x2, 0xff, 0x70, 0x0, 0x0,
    0x7f, 0xf6, 0x2f, 0xf7, 0x0, 0x0, 0x1, 0xff,
    0x92, 0xff, 0x70, 0x0, 0x0, 0x1f, 0xf9, 0x2f,
    0xf7, 0x0, 0x0, 0x7, 0xff, 0x62, 0xff, 0x93,
    0x33, 0x49, 0xff, 0xe0, 0x2f, 0xff, 0xff, 0xff,
    0xff, 0xe3, 0x2, 0xff, 0xff, 0xff, 0xff, 0xe1,
    0x0, 0x2f, 0xf7, 0x0, 0x6, 0xff, 0x50, 0x2,
    0xff, 0x70, 0x0, 0xb, 0xff, 0x20, 0x2f, 0xf7,
    0x0, 0x0, 0x1e, 0xfc, 0x2, 0xff, 0x70, 0x0,
    0x0, 0x4f, 0xf7,

    /* U+0053 "S" */
    0x0, 0x7, 0xce, 0xff, 0xd8, 0x20, 0x1, 0xdf,
    0xff, 0xff, 0xff, 0xf2, 0xa, 0xff, 0xa4, 0x34,
    0x7c, 0xc0, 0xf, 0xfb, 0x0, 0x0, 0x0, 0x10,
    0xf, 0xfb, 0x0, 0x0, 0x0, 0x0, 0xa, 0xff,
    0xb5, 0x10, 0x0, 0x0, 0x1, 0xcf, 0xff, 0xfd,
    0x83, 0x0, 0x0, 0x4, 0xae, 0xff, 0xff, 0xa0,
    0x0, 0x0, 0x0, 0x26, 0xdf, 0xf8, 0x0, 0x0,
    0x0, 0x0, 0xd, 0xfd, 0x5, 0x20, 0x0, 0x0,
    0xc, 0xfd, 0xe, 0xfb, 0x63, 0x35, 0xaf, 0xf8,
    0x1d, 0xff, 0xff, 0xff, 0xff, 0xc0, 0x0, 0x4a,
    0xdf, 0xfe, 0xb6, 0x0,

    /* U+0054 "T" */
    0xef, 0xff, 0xff, 0xff, 0xff, 0xff, 0xef, 0xff,
    0xff, 0xff, 0xff, 0xff, 0x34, 0x44, 0x7f, 0xf7,
    0x44, 0x43, 0x0, 0x0, 0x4f, 0xf5, 0x0, 0x0,
    0x0, 0x0, 0x4f, 0xf5, 0x0, 0x0, 0x0, 0x0,
    0x4f, 0xf5, 0x0, 0x0, 0x0, 0x0, 0x4f, 0xf5,
    0x0, 0x0, 0x0, 0x0, 0x4f, 0xf5, 0x0, 0x0,
    0x0, 0x0, 0x4f, 0xf5, 0x0, 0x0, 0x0, 0x0,
    0x4f, 0xf5, 0x0, 0x0, 0x0, 0x0, 0x4f, 0xf5,
    0x0, 0x0, 0x0, 0x0, 0x4f, 0xf5, 0x0, 0x0,
    0x0, 0x0, 0x4f, 0xf5, 0x0, 0x0, 0x0, 0x0,
    0x4f, 0xf5, 0x0, 0x0,

    /* U+0055 "U" */
    0x3f, 0xf5, 0x0, 0x0, 0x0, 0x8f, 0xf0, 0x3f,
    0xf5, 0x0, 0x0, 0x0, 0x8f, 0xf0, 0x3f, 0xf5,
    0x0, 0x0, 0x0, 0x8f, 0xf0, 0x3f, 0xf5, 0x0,
    0x0, 0x0, 0x8f, 0xf0, 0x3f, 0xf5, 0x0, 0x0,
    0x0, 0x8f, 0xf0, 0x3f, 0xf5, 0x0, 0x0, 0x0,
    0x8f, 0xf0, 0x3f, 0xf5, 0x0, 0x0, 0x0, 0x8f,
    0xf0, 0x3f, 0xf5, 0x0, 0x0, 0x0, 0x8f, 0xf0,
    0x3f, 0xf6, 0x0, 0x0, 0x0, 0x9f, 0xf0, 0x1f,
    0xf9, 0x0, 0x0, 0x0, 0xcf, 0xd0, 0xc, 0xff,
    0x20, 0x0, 0x5, 0xff, 0x90, 0x5, 0xff, 0xf9,
    0x56, 0xaf, 0xff, 0x20, 0x0, 0x7f, 0xff, 0xff,
    0xff, 0xf4, 0x0, 0x0, 0x3, 0xae, 0xff, 0xd9,
    0x20, 0x0,

    /* U+0056 "V" */
    0xd, 0xfe, 0x0, 0x0, 0x0, 0x0, 0x2f, 0xf7,
    0x7, 0xff, 0x50, 0x0, 0x0, 0x0, 0x9f, 0xf1,
    0x0, 0xff, 0xc0, 0x0, 0x0, 0x0, 0xff, 0x90,
    0x0, 0x9f, 0xf3, 0x0, 0x0, 0x7, 0xff, 0x20,
    0x0, 0x2f, 0xfa, 0x0, 0x0, 0xd, 0xfb, 0x0,
    0x0, 0xb, 0xff, 0x10, 0x0, 0x5f, 0xf4, 0x0,
    0x0, 0x4, 0xff, 0x80, 0x0, 0xcf, 0xd0, 0x0,
    0x0, 0x0, 0xdf, 0xe0, 0x3, 0xff, 0x60, 0x0,
    0x0, 0x0, 0x6f, 0xf6, 0x9, 0xfe, 0x0, 0x0,
    0x0, 0x0, 0xe, 0xfd, 0x1f, 0xf8, 0x0, 0x0,
    0x0, 0x0, 0x8, 0xff, 0xbf, 0xf1, 0x0, 0x0,
    0x0, 0x0, 0x1, 0xff, 0xff, 0xa0, 0x0, 0x0,
    0x0, 0x0, 0x0, 0xaf, 0xff, 0x30, 0x0, 0x0,
    0x0, 0x0, 0x0, 0x3f, 0xfc, 0x0, 0x0, 0x0,

    /* U+0057 "W" */
    0x4f, 0xf6, 0x0, 0x0, 0x0, 0xdf, 0xe0, 0x0,
    0x0, 0x4, 0xff, 0x20, 0xef, 0xb0, 0x0, 0x0,
    0x2f, 0xff, 0x30, 0x0, 0x0, 0xaf, 0xd0, 0xa,
    0xff, 0x10, 0x0, 0x8, 0xff, 0xf8, 0x0, 0x0,
    0xf, 0xf8, 0x0, 0x4f, 0xf6, 0x0, 0x0, 0xdf,
    0xff, 0xe0, 0x0, 0x5, 0xff, 0x20, 0x0, 0xff,
    0xb0, 0x0, 0x2f, 0xf6, 0xff, 0x30, 0x0, 0xaf,
    0xd0, 0x0, 0xa, 0xff, 0x0, 0x8, 0xfd, 0xe,
    0xf8, 0x0, 0xf, 0xf8, 0x0, 0x0, 0x4f, 0xf5,
    0x0, 0xdf, 0x80, 0x9f, 0xe0, 0x5, 0xff, 0x30,
    0x0, 0x0, 0xff, 0xa0, 0x3f, 0xf2, 0x3, 0xff,
    0x30, 0xaf, 0xd0, 0x0, 0x0, 0xa, 0xff, 0x8,
    0xfd, 0x0, 0xe, 0xf8, 0xf, 0xf8, 0x0, 0x0,
    0x0, 0x4f, 0xf5, 0xdf, 0x70, 0x0, 0x9f, 0xd5,
    0xff, 0x30, 0x0, 0x0, 0x0, 0xff, 0xdf, 0xf2,
    0x0, 0x3, 0xff, 0xdf, 0xd0, 0x0, 0x0, 0x0,
    0xa, 0xff, 0xfc, 0x0, 0x0, 0xe, 0xff, 0xf8,
    0x0, 0x0, 0x0, 0x0, 0x5f, 0xff, 0x70, 0x0,
    0x0, 0x9f, 0xff, 0x30, 0x0, 0x0, 0x0, 0x0,
    0xff, 0xf2, 0x0, 0x0, 0x3, 0xff, 0xd0, 0x0,
    0x0,

    /* U+0058 "X" */
    0x3f, 0xfc, 0x0, 0x0, 0x0, 0xdf, 0xe1, 0x7,
    0xff, 0x70, 0x0, 0x8, 0xff, 0x40, 0x0, 0xbf,
    0xf3, 0x0, 0x4f, 0xf8, 0x0, 0x0, 0x1e, 0xfd,
    0x1, 0xef, 0xc0, 0x0, 0x0, 0x5, 0xff, 0xaa,
    0xff, 0x20, 0x0, 0x0, 0x0, 0x9f, 0xff, 0xf5,
    0x0, 0x0, 0x0, 0x0, 0xe, 0xff, 0xa0, 0x0,
    0x0, 0x0, 0x0, 0x2f, 0xff, 0xe1, 0x0, 0x0,
    0x0, 0x0, 0xcf, 0xff, 0xfb, 0x0, 0x0, 0x0,
    0x8, 0xff, 0x48, 0xff, 0x60, 0x0, 0x0, 0x4f,
    0xf9, 0x0, 0xcf, 0xf3, 0x0, 0x1, 0xef, 0xd0,
    0x0, 0x2f, 0xfd, 0x0, 0xb, 0xff, 0x30, 0x0,
    0x5, 0xff, 0x90, 0x7f, 0xf7, 0x0, 0x0, 0x0,
    0xaf, 0xf5,

    /* U+0059 "Y" */
    0xd, 0xfd, 0x0, 0x0, 0x0, 0x7, 0xff, 0x20,
    0x4f, 0xf8, 0x0, 0x0, 0x1, 0xff, 0x80, 0x0,
    0xaf, 0xf2, 0x0, 0x0, 0xaf, 0xd0, 0x0, 0x1,
    0xff, 0xb0, 0x0, 0x4f, 0xf4, 0x0, 0x0, 0x7,
    0xff, 0x50, 0xd, 0xfa, 0x0, 0x0, 0x0, 0xd,
    0xfe, 0x8, 0xff, 0x10, 0x0, 0x0, 0x0, 0x4f,
    0xfa, 0xff, 0x70, 0x0, 0x0, 0x0, 0x0, 0xaf,
    0xff, 0xd0, 0x0, 0x0, 0x0, 0x0, 0x1, 0xff,
    0xf4, 0x0, 0x0, 0x0, 0x0, 0x0, 0xb, 0xff,
    0x0, 0x0, 0x0, 0x0, 0x0, 0x0, 0xbf, 0xe0,
    0x0, 0x0, 0x0, 0x0, 0x0, 0xb, 0xfe, 0x0,
    0x0, 0x0, 0x0, 0x0, 0x0, 0xbf, 0xe0, 0x0,
    0x0, 0x0, 0x0, 0x0, 0xb, 0xfe, 0x0, 0x0,
    0x0,

    /* U+005A "Z" */
    0xf, 0xff, 0xff, 0xff, 0xff, 0xff, 0x80, 0xff,
    0xff, 0xff, 0xff, 0xff, 0xf7, 0x4, 0x44, 0x44,
    0x44, 0x7f, 0xfd, 0x10, 0x0, 0x0, 0x0, 0x1e,
    0xff, 0x20, 0x0, 0x0, 0x0, 0xc, 0xff, 0x40,
    0x0, 0x0, 0x0, 0xa, 0xff, 0x60, 0x0, 0x0,
    0x0, 0x7, 0xff, 0x90, 0x0, 0x0, 0x0, 0x4,
    0xff, 0xc0, 0x0, 0x0, 0x0, 0x2, 0xff, 0xe1,
    0x0, 0x0, 0x0, 0x1, 0xdf, 0xf2, 0x0, 0x0,
    0x0, 0x0, 0xbf, 0xf5, 0x0, 0x0, 0x0, 0x0,
    0x9f, 0xfb, 0x33, 0x33, 0x33, 0x32, 0x2f, 0xff,
    0xff, 0xff, 0xff, 0xff, 0xc3, 0xff, 0xff, 0xff,
    0xff, 0xff, 0xfc,

    /* U+005B "[" */
    0x2f, 0xff, 0xfa, 0x2f, 0xff, 0xfa, 0x2f, 0xf6,
    0x0, 0x2f, 0xf6, 0x0, 0x2f, 0xf6, 0x0, 0x2f,
    0xf6, 0x0, 0x2f, 0xf6, 0x0, 0x2f, 0xf6, 0x0,
    0x2f, 0xf6, 0x0, 0x2f, 0xf6, 0x0, 0x2f, 0xf6,
    0x0, 0x2f, 0xf6, 0x0, 0x2f, 0xf6, 0x0, 0x2f,
    0xf6, 0x0, 0x2f, 0xf6, 0x0, 0x2f, 0xf6, 0x0,
    0x2f, 0xf6, 0x0, 0x2f, 0xff, 0xfa, 0x2f, 0xff,
    0xfa,

    /* U+005C "\\" */
    0xaf, 0x90, 0x0, 0x0, 0x0, 0x4f, 0xe0, 0x0,
    0x0, 0x0, 0xe, 0xf4, 0x0, 0x0, 0x0, 0x9,
    0xfa, 0x0, 0x0, 0x0, 0x3, 0xff, 0x0, 0x0,
    0x0, 0x0, 0xef, 0x50, 0x0, 0x0, 0x0, 0x8f,
    0xb0, 0x0, 0x0, 0x0, 0x3f, 0xf1, 0x0, 0x0,
    0x0, 0xd, 0xf6, 0x0, 0x0, 0x0, 0x8, 0xfb,
    0x0, 0x0, 0x0, 0x2, 0xff, 0x10, 0x0, 0x0,
    0x0, 0xcf, 0x70, 0x0, 0x0, 0x0, 0x7f, 0xc0,
    0x0, 0x0, 0x0, 0x1f, 0xf2, 0x0, 0x0, 0x0,
    0xc, 0xf7, 0x0, 0x0, 0x0, 0x6, 0xfd, 0x0,
    0x0, 0x0, 0x1, 0xff, 0x20, 0x0, 0x0, 0x0,
    0xbf, 0x80, 0x0, 0x0, 0x0, 0x6f, 0xd0,

    /* U+005D "]" */
    0xaf, 0xff, 0xf1, 0xaf, 0xff, 0xf1, 0x0, 0x6f,
    0xf1, 0x0, 0x6f, 0xf1, 0x0, 0x6f, 0xf1, 0x0,
    0x6f, 0xf1, 0x0, 0x6f, 0xf1, 0x0, 0x6f, 0xf1,
    0x0, 0x6f, 0xf1, 0x0, 0x6f, 0xf1, 0x0, 0x6f,
    0xf1, 0x0, 0x6f, 0xf1, 0x0, 0x6f, 0xf1, 0x0,
    0x6f, 0xf1, 0x0, 0x6f, 0xf1, 0x0, 0x6f, 0xf1,
    0x0, 0x6f, 0xf1, 0xaf, 0xff, 0xf1, 0xaf, 0xff,
    0xf1,

    /* U+005E "^" */
    0x0, 0x1, 0x87, 0x0, 0x0, 0x0, 0x8, 0xff,
    0x50, 0x0, 0x0, 0xe, 0xdf, 0xc0, 0x0, 0x0,
    0x5f, 0x7a, 0xf3, 0x0, 0x0, 0xcf, 0x13, 0xf9,
    0x0, 0x3, 0xfa, 0x0, 0xdf, 0x10, 0xa, 0xf4,
    0x0, 0x7f, 0x70, 0x1f, 0xd0, 0x0, 0x1f, 0xd0,
    0x7f, 0x70, 0x0, 0xa, 0xf4,

    /* U+005F "_" */
    0x88, 0x88, 0x88, 0x88, 0x88, 0xff, 0xff, 0xff,
    0xff, 0xff,

    /* U+0060 "`" */
    0x6f, 0xf7, 0x0, 0x4, 0xff, 0x50, 0x0, 0x2e,
    0xf4,

    /* U+0061 "a" */
    0x0, 0x6b, 0xef, 0xfc, 0x60, 0x0, 0x9f, 0xff,
    0xff, 0xff, 0xa0, 0x2, 0xd6, 0x32, 0x4c, 0xff,
    0x30, 0x0, 0x0, 0x0, 0x1f, 0xf7, 0x0, 0x27,
    0xab, 0xbb, 0xff, 0x90, 0x5f, 0xff, 0xff, 0xff,
    0xf9, 0xe, 0xfc, 0x20, 0x0, 0xef, 0x91, 0xff,
    0x60, 0x0, 0xf, 0xf9, 0xf, 0xfa, 0x0, 0x9,
    0xff, 0x90, 0x8f, 0xfd, 0xbe, 0xff, 0xf9, 0x0,
    0x6d, 0xff, 0xc4, 0xcf, 0x90,

    /* U+0062 "b" */
    0x5f, 0xf2, 0x0, 0x0, 0x0, 0x0, 0x5f, 0xf2,
    0x0, 0x0, 0x0, 0x0, 0x5f, 0xf2, 0x0, 0x0,
    0x0, 0x0, 0x5f, 0xf2, 0x0, 0x0, 0x0, 0x0,
    0x5f, 0xf3, 0x8e, 0xfe, 0xa3, 0x0, 0x5f, 0xfe,
    0xff, 0xff, 0xff, 0x60, 0x5f, 0xff, 0xa4, 0x26,
    0xef, 0xf3, 0x5f, 0xfa, 0x0, 0x0, 0x2f, 0xfa,
    0x5f, 0xf3, 0x0, 0x0, 0xb, 0xfe, 0x5f, 0xf1,
    0x0, 0x0, 0x9, 0xff, 0x5f, 0xf3, 0x0, 0x0,
    0xb, 0xfe, 0x5f, 0xfb, 0x0, 0x0, 0x2f, 0xfa,
    0x5f, 0xff, 0xb4, 0x36, 0xef, 0xf3, 0x5f, 0xfd,
    0xff, 0xff, 0xff, 0x60, 0x5f, 0xf1, 0x8e, 0xfe,
    0xa3, 0x0,

    /* U+0063 "c" */
    0x0, 0x4, 0xae, 0xfe, 0xb3, 0x0, 0x0, 0x8f,
    0xff, 0xff, 0xff, 0x60, 0x6, 0xff, 0xc5, 0x25,
    0xdf, 0xc0, 0xe, 0xfd, 0x0, 0x0, 0x16, 0x0,
    0x2f, 0xf6, 0x0, 0x0, 0x0, 0x0, 0x3f, 0xf4,
    0x0, 0x0, 0x0, 0x0, 0x2f, 0xf6, 0x0, 0x0,
    0x0, 0x0, 0xd, 0xfd, 0x0, 0x0, 0x16, 0x0,
    0x5, 0xff, 0xc5, 0x25, 0xdf, 0xd0, 0x0, 0x8f,
    0xff, 0xff, 0xff, 0x50, 0x0, 0x3, 0xae, 0xfe,
    0xa3, 0x0,

    /* U+0064 "d" */
    0x0, 0x0, 0x0, 0x0, 0x6, 0xff, 0x10, 0x0,
    0x0, 0x0, 0x0, 0x6f, 0xf1, 0x0, 0x0, 0x0,
    0x0, 0x6, 0xff, 0x10, 0x0, 0x0, 0x0, 0x0,
    0x6f, 0xf1, 0x0, 0x5, 0xcf, 0xfd, 0x66, 0xff,
    0x10, 0xa, 0xff, 0xff, 0xff, 0xef, 0xf1, 0x7,
    0xff, 0xc4, 0x25, 0xdf, 0xff, 0x10, 0xef, 0xd0,
    0x0, 0x1, 0xef, 0xf1, 0x2f, 0xf6, 0x0, 0x0,
    0x7, 0xff, 0x13, 0xff, 0x40, 0x0, 0x0, 0x5f,
    0xf1, 0x2f, 0xf6, 0x0, 0x0, 0x8, 0xff, 0x10,
    0xef, 0xd0, 0x0, 0x1, 0xef, 0xf1, 0x7, 0xff,
    0xc5, 0x35, 0xdf, 0xff, 0x10, 0xa, 0xff, 0xff,
    0xff, 0xdf, 0xf1, 0x0, 0x5, 0xcf, 0xfd, 0x64,
    0xff, 0x10,

    /* U+0065 "e" */
    0x0, 0x4, 0xbf, 0xfe, 0x91, 0x0, 0x0, 0x9f,
    0xff, 0xff, 0xff, 0x30, 0x6, 0xff, 0x92, 0x3,
    0xcf, 0xe0, 0xe, 0xfa, 0x0, 0x0, 0x1e, 0xf6,
    0x2f, 0xfc, 0xbb, 0xbb, 0xbe, 0xfa, 0x3f, 0xff,
    0xff, 0xff, 0xff, 0xfa, 0x2f, 0xf5, 0x0, 0x0,
    0x0, 0x0, 0xd, 0xfc, 0x0, 0x0, 0x2, 0x0,
    0x6, 0xff, 0xc5, 0x23, 0x9f, 0x50, 0x0, 0x8f,
    0xff, 0xff, 0xff, 0xa0, 0x0, 0x3, 0xae, 0xff,
    0xc5, 0x0,

    /* U+0066 "f" */
    0x0, 0x6, 0xdf, 0xfa, 0x0, 0x6, 0xff, 0xff,
    0xb0, 0x0, 0xdf, 0xc2, 0x22, 0x0, 0xf, 0xf6,
    0x0, 0x0, 0xcf, 0xff, 0xff, 0xf5, 0xc, 0xff,
    0xff, 0xff, 0x50, 0x0, 0xff, 0x80, 0x0, 0x0,
    0xf, 0xf7, 0x0, 0x0, 0x0, 0xff, 0x70, 0x0,
    0x0, 0xf, 0xf7, 0x0, 0x0, 0x0, 0xff, 0x70,
    0x0, 0x0, 0xf, 0xf7, 0x0, 0x0, 0x0, 0xff,
    0x70, 0x0, 0x0, 0xf, 0xf7, 0x0, 0x0, 0x0,
    0xff, 0x70, 0x0, 0x0,

    /* U+0067 "g" */
    0x0, 0x5, 0xcf, 0xfd, 0x72, 0xff, 0x30, 0xa,
    0xff, 0xff, 0xff, 0xdf, 0xf3, 0x7, 0xff, 0xb3,
    0x2, 0xaf, 0xff, 0x30, 0xef, 0xc0, 0x0, 0x0,
    0xbf, 0xf3, 0x2f, 0xf6, 0x0, 0x0, 0x5, 0xff,
    0x33, 0xff, 0x40, 0x0, 0x0, 0x4f, 0xf3, 0x2f,
    0xf6, 0x0, 0x0, 0x6, 0xff, 0x30, 0xef, 0xd0,
    0x0, 0x0, 0xdf, 0xf3, 0x6, 0xff, 0xd5, 0x35,
    0xcf, 0xff, 0x30, 0xa, 0xff, 0xff, 0xff, 0xdf,
    0xf3, 0x0, 0x5, 0xcf, 0xfd, 0x75, 0xff, 0x20,
    0x0, 0x0, 0x0, 0x0, 0xaf, 0xf0, 0x1, 0xea,
    0x53, 0x24, 0xaf, 0xf8, 0x0, 0x7f, 0xff, 0xff,
    0xff, 0xfc, 0x0, 0x0, 0x39, 0xcf, 0xff, 0xc6,
    0x0, 0x0,

    /* U+0068 "h" */
    0x5f, 0xf2, 0x0, 0x0, 0x0, 0x0, 0x5f, 0xf2,
    0x0, 0x0, 0x0, 0x0, 0x5f, 0xf2, 0x0, 0x0,
    0x0, 0x0, 0x5f, 0xf2, 0x0, 0x0, 0x0, 0x0,
    0x5f, 0xf3, 0x8d, 0xfe, 0xa3, 0x0, 0x5f, 0xfe,
    0xff, 0xff, 0xff, 0x30, 0x5f, 0xff, 0xa4, 0x49,
    0xff, 0xc0, 0x5f, 0xfa, 0x0, 0x0, 0xaf, 0xf0,
    0x5f, 0xf3, 0x0, 0x0, 0x6f, 0xf2, 0x5f, 0xf2,
    0x0, 0x0, 0x5f, 0xf2, 0x5f, 0xf2, 0x0, 0x0,
    0x5f, 0xf2, 0x5f, 0xf2, 0x0, 0x0, 0x5f, 0xf2,
    0x5f, 0xf2, 0x0, 0x0, 0x5f, 0xf2, 0x5f, 0xf2,
    0x0, 0x0, 0x5f, 0xf2, 0x5f, 0xf2, 0x0, 0x0,
    0x5f, 0xf2,

    /* U+0069 "i" */
    0x6, 0x50, 0x9f, 0xf6, 0x9f, 0xf6, 0x7, 0x60,
    0x0, 0x0, 0x5f, 0xf2, 0x5f, 0xf2, 0x5f, 0xf2,
    0x5f, 0xf2, 0x5f, 0xf2, 0x5f, 0xf2, 0x5f, 0xf2,
    0x5f, 0xf2, 0x5f, 0xf2, 0x5f, 0xf2, 0x5f, 0xf2,

    /* U+006A "j" */
    0x0, 0x0, 0x66, 0x0, 0x0, 0x7f, 0xf7, 0x0,
    0x7, 0xff, 0x70, 0x0, 0x7, 0x70, 0x0, 0x0,
    0x0, 0x0, 0x0, 0x3f, 0xf4, 0x0, 0x3, 0xff,
    0x40, 0x0, 0x3f, 0xf4, 0x0, 0x3, 0xff, 0x40,
    0x0, 0x3f, 0xf4, 0x0, 0x3, 0xff, 0x40, 0x0,
    0x3f, 0xf4, 0x0, 0x3, 0xff, 0x40, 0x0, 0x3f,
    0xf4, 0x0, 0x3, 0xff, 0x40, 0x0, 0x3f, 0xf4,
    0x0, 0x4, 0xff, 0x31, 0x32, 0xbf, 0xf1, 0x8f,
    0xff, 0xf9, 0x7, 0xef, 0xe8, 0x0,

    /* U+006B "k" */
    0x5f, 0xf2, 0x0, 0x0, 0x0, 0x0, 0x5f, 0xf2,
    0x0, 0x0, 0x0, 0x0, 0x5f, 0xf2, 0x0, 0x0,
    0x0, 0x0, 0x5f, 0xf2, 0x0, 0x0, 0x0, 0x0,
    0x5f, 0xf2, 0x0, 0x4, 0xff, 0xc0, 0x5f, 0xf2,
    0x0, 0x4f, 0xfc, 0x0, 0x5f, 0xf2, 0x5, 0xff,
    0xd1, 0x0, 0x5f, 0xf2, 0x6f, 0xfd, 0x10, 0x0,
    0x5f, 0xf8, 0xff, 0xf1, 0x0, 0x0, 0x5f, 0xff,
    0xff, 0xf8, 0x0, 0x0, 0x5f, 0xff, 0xbc, 0xff,
    0x40, 0x0, 0x5f, 0xfb, 0x1, 0xef, 0xe2, 0x0,
    0x5f, 0xf2, 0x0, 0x4f, 0xfc, 0x0, 0x5f, 0xf2,
    0x0, 0x7, 0xff, 0x90, 0x5f, 0xf2, 0x0, 0x0,
    0xaf, 0xf5,

    /* U+006C "l" */
    0x5f, 0xf2, 0x5f, 0xf2, 0x5f, 0xf2, 0x5f, 0xf2,
    0x5f, 0xf2, 0x5f, 0xf2, 0x5f, 0xf2, 0x5f, 0xf2,
    0x5f, 0xf2, 0x5f, 0xf2, 0x5f, 0xf2, 0x5f, 0xf2,
    0x5f, 0xf2, 0x5f, 0xf2, 0x5f, 0xf2,

    /* U+006D "m" */
    0x5f, 0xf2, 0x9e, 0xfe, 0x91, 0x5, 0xcf, 0xfd,
    0x60, 0x5, 0xff, 0xef, 0xff, 0xff, 0xda, 0xff,
    0xff, 0xff, 0x80, 0x5f, 0xff, 0x72, 0x2a, 0xff,
    0xfe, 0x51, 0x4d, 0xff, 0x25, 0xff, 0x80, 0x0,
    0xe, 0xff, 0x30, 0x0, 0x4f, 0xf6, 0x5f, 0xf3,
    0x0, 0x0, 0xbf, 0xe0, 0x0, 0x0, 0xff, 0x75,
    0xff, 0x20, 0x0, 0xb, 0xfd, 0x0, 0x0, 0xf,
    0xf8, 0x5f, 0xf2, 0x0, 0x0, 0xbf, 0xd0, 0x0,
    0x0, 0xff, 0x85, 0xff, 0x20, 0x0, 0xb, 0xfd,
    0x0, 0x0, 0xf, 0xf8, 0x5f, 0xf2, 0x0, 0x0,
    0xbf, 0xd0, 0x0, 0x0, 0xff, 0x85, 0xff, 0x20,
    0x0, 0xb, 0xfd, 0x0, 0x0, 0xf, 0xf8, 0x5f,
    0xf2, 0x0, 0x0, 0xbf, 0xd0, 0x0, 0x0, 0xff,
    0x80,

    /* U+006E "n" */
    0x5f, 0xf1, 0x9e, 0xfe, 0xa3, 0x0, 0x5f, 0xfe,
    0xff, 0xff, 0xff, 0x30, 0x5f, 0xff, 0x82, 0x27,
    0xff, 0xc0, 0x5f, 0xf9, 0x0, 0x0, 0x9f, 0xf0,
    0x5f, 0xf3, 0x0, 0x0, 0x6f, 0xf2, 0x5f, 0xf2,
    0x0, 0x0, 0x5f, 0xf2, 0x5f, 0xf2, 0x0, 0x0,
    0x5f, 0xf2, 0x5f, 0xf2, 0x0, 0x0, 0x5f, 0xf2,
    0x5f, 0xf2, 0x0, 0x0, 0x5f, 0xf2, 0x5f, 0xf2,
    0x0, 0x0, 0x5f, 0xf2, 0x5f, 0xf2, 0x0, 0x0,
    0x5f, 0xf2,

    /* U+006F "o" */
    0x0, 0x4, 0xbe, 0xfe, 0xa3, 0x0, 0x0, 0x8,
    0xff, 0xff, 0xff, 0xf7, 0x0, 0x6, 0xff, 0xc4,
    0x25, 0xdf, 0xf4, 0x0, 0xef, 0xd0, 0x0, 0x1,
    0xef, 0xc0, 0x2f, 0xf6, 0x0, 0x0, 0x8, 0xff,
    0x3, 0xff, 0x40, 0x0, 0x0, 0x6f, 0xf2, 0x2f,
    0xf6, 0x0, 0x0, 0x8, 0xff, 0x0, 0xdf, 0xd0,
    0x0, 0x1, 0xef, 0xc0, 0x5, 0xff, 0xc5, 0x35,
    0xdf, 0xf4, 0x0, 0x8, 0xff, 0xff, 0xff, 0xf7,
    0x0, 0x0, 0x4, 0xbe, 0xfe, 0xa3, 0x0, 0x0,

    /* U+0070 "p" */
    0x5f, 0xf1, 0x9e, 0xfe, 0xa3, 0x0, 0x5f, 0xfd,
    0xff, 0xff, 0xff, 0x60, 0x5f, 0xff, 0xa4, 0x26,
    0xef, 0xf3, 0x5f, 0xfa, 0x0, 0x0, 0x2f, 0xfa,
    0x5f, 0xf3, 0x0, 0x0, 0xb, 0xfe, 0x5f, 0xf1,
    0x0, 0x0, 0x9, 0xff, 0x5f, 0xf3, 0x0, 0x0,
    0xb, 0xfe, 0x5f, 0xfb, 0x0, 0x0, 0x2f, 0xfa,
    0x5f, 0xff, 0xb4, 0x36, 0xef, 0xf3, 0x5f, 0xfe,
    0xff, 0xff, 0xff, 0x60, 0x5f, 0xf3, 0x8e, 0xfe,
    0xa3, 0x0, 0x5f, 0xf2, 0x0, 0x0, 0x0, 0x0,
    0x5f, 0xf2, 0x0, 0x0, 0x0, 0x0, 0x5f, 0xf2,
    0x0, 0x0, 0x0, 0x0, 0x5f, 0xf2, 0x0, 0x0,
    0x0, 0x0,

    /* U+0071 "q" */
    0x0, 0x5, 0xcf, 0xfd, 0x64, 0xff, 0x10, 0xa,
    0xff, 0xff, 0xff, 0xdf, 0xf1, 0x7, 0xff, 0xc4,
    0x25, 0xdf, 0xff, 0x10, 0xef, 0xd0, 0x0, 0x1,
    0xef, 0xf1, 0x2f, 0xf6, 0x0, 0x0, 0x8, 0xff,
    0x13, 0xff, 0x40, 0x0, 0x0, 0x6f, 0xf1, 0x2f,
    0xf6, 0x0, 0x0, 0x8, 0xff, 0x10, 0xef, 0xd0,
    0x0, 0x1, 0xef, 0xf1, 0x7, 0xff, 0xc5, 0x35,
    0xdf, 0xff, 0x10, 0xa, 0xff, 0xff, 0xff, 0xef,
    0xf1, 0x0, 0x5, 0xcf, 0xfd, 0x66, 0xff, 0x10,
    0x0, 0x0, 0x0, 0x0, 0x6f, 0xf1, 0x0, 0x0,
    0x0, 0x0, 0x6, 0xff, 0x10, 0x0, 0x0, 0x0,
    0x0, 0x6f, 0xf1, 0x0, 0x0, 0x0, 0x0, 0x6,
    0xff, 0x10,

    /* U+0072 "r" */
    0x5f, 0xf1, 0x8d, 0xc5, 0xff, 0xdf, 0xfd, 0x5f,
    0xff, 0xb5, 0x35, 0xff, 0xb0, 0x0, 0x5f, 0xf4,
    0x0, 0x5, 0xff, 0x20, 0x0, 0x5f, 0xf2, 0x0,
    0x5, 0xff, 0x20, 0x0, 0x5f, 0xf2, 0x0, 0x5,
    0xff, 0x20, 0x0, 0x5f, 0xf2, 0x0, 0x0,

    /* U+0073 "s" */
    0x0, 0x5c, 0xff, 0xec, 0x71, 0x9, 0xff, 0xff,
    0xff, 0xf2, 0x2f, 0xfa, 0x21, 0x26, 0x80, 0x4f,
    0xf4, 0x0, 0x0, 0x0, 0x1f, 0xff, 0xa7, 0x41,
    0x0, 0x4, 0xef, 0xff, 0xff, 0x90, 0x0, 0x4,
    0x79, 0xdf, 0xf8, 0x0, 0x0, 0x0, 0xc, 0xfc,
    0xd, 0x94, 0x11, 0x4e, 0xfa, 0x6f, 0xff, 0xff,
    0xff, 0xf2, 0x5, 0xae, 0xff, 0xd9, 0x10,

    /* U+0074 "t" */
    0x0, 0x88, 0x30, 0x0, 0x0, 0xf, 0xf7, 0x0,
    0x0, 0x0, 0xff, 0x70, 0x0, 0xc, 0xff, 0xff,
    0xff, 0x50, 0xcf, 0xff, 0xff, 0xf5, 0x0, 0xf,
    0xf8, 0x0, 0x0, 0x0, 0xff, 0x70, 0x0, 0x0,
    0xf, 0xf7, 0x0, 0x0, 0x0, 0xff, 0x70, 0x0,
    0x0, 0xf, 0xf7, 0x0, 0x0, 0x0, 0xff, 0x80,
    0x0, 0x0, 0xd, 0xfd, 0x22, 0x30, 0x0, 0x7f,
    0xff, 0xfc, 0x0, 0x0, 0x7d, 0xfe, 0x90,

    /* U+0075 "u" */
    0x7f, 0xf1, 0x0, 0x0, 0x8f, 0xf7, 0xff, 0x10,
    0x0, 0x8, 0xff, 0x7f, 0xf1, 0x0, 0x0, 0x8f,
    0xf7, 0xff, 0x10, 0x0, 0x8, 0xff, 0x7f, 0xf1,
    0x0, 0x0, 0x8f, 0xf7, 0xff, 0x10, 0x0, 0x8,
    0xff, 0x6f, 0xf1, 0x0, 0x0, 0xaf, 0xf5, 0xff,
    0x60, 0x0, 0x1f, 0xff, 0x1f, 0xff, 0x74, 0x6d,
    0xff, 0xf0, 0x6f, 0xff, 0xff, 0xfe, 0xff, 0x0,
    0x5c, 0xff, 0xc6, 0x6f, 0xf0,

    /* U+0076 "v" */
    0xd, 0xfb, 0x0, 0x0, 0x0, 0xef, 0x60, 0x7f,
    0xf1, 0x0, 0x0, 0x6f, 0xf0, 0x1, 0xff, 0x80,
    0x0, 0xd, 0xf9, 0x0, 0xa, 0xfe, 0x0, 0x3,
    0xff, 0x20, 0x0, 0x3f, 0xf5, 0x0, 0xaf, 0xc0,
    0x0, 0x0, 0xcf, 0xb0, 0x1f, 0xf5, 0x0, 0x0,
    0x6, 0xff, 0x28, 0xfe, 0x0, 0x0, 0x0, 0xe,
    0xf9, 0xef, 0x80, 0x0, 0x0, 0x0, 0x8f, 0xff,
    0xf1, 0x0, 0x0, 0x0, 0x2, 0xff, 0xfb, 0x0,
    0x0, 0x0, 0x0, 0xb, 0xff, 0x40, 0x0, 0x0,

    /* U+0077 "w" */
    0xbf, 0x90, 0x0, 0x0, 0xff, 0x70, 0x0, 0x1,
    0xff, 0x16, 0xfe, 0x0, 0x0, 0x5f, 0xfd, 0x0,
    0x0, 0x7f, 0xc0, 0x1f, 0xf4, 0x0, 0xb, 0xff,
    0xf2, 0x0, 0xd, 0xf6, 0x0, 0xaf, 0xa0, 0x1,
    0xff, 0xef, 0x80, 0x2, 0xff, 0x10, 0x5, 0xff,
    0x0, 0x6f, 0xc6, 0xfe, 0x0, 0x8f, 0xa0, 0x0,
    0xe, 0xf5, 0xc, 0xf7, 0x1f, 0xf3, 0xe, 0xf5,
    0x0, 0x0, 0x9f, 0xb2, 0xff, 0x10, 0xaf, 0x93,
    0xff, 0x0, 0x0, 0x3, 0xff, 0x9f, 0xb0, 0x5,
    0xfe, 0x9f, 0x90, 0x0, 0x0, 0xe, 0xff, 0xf5,
    0x0, 0xe, 0xff, 0xf4, 0x0, 0x0, 0x0, 0x8f,
    0xfe, 0x0, 0x0, 0x9f, 0xfe, 0x0, 0x0, 0x0,
    0x2, 0xff, 0x90, 0x0, 0x3, 0xff, 0x80, 0x0,
    0x0,

    /* U+0078 "x" */
    0x4f, 0xf8, 0x0, 0x1, 0xef, 0xb0, 0x8, 0xff,
    0x30, 0xb, 0xfe, 0x10, 0x0, 0xcf, 0xe1, 0x7f,
    0xf3, 0x0, 0x0, 0x1e, 0xfc, 0xff, 0x70, 0x0,
    0x0, 0x5, 0xff, 0xfb, 0x0, 0x0, 0x0, 0x0,
    0xdf, 0xf4, 0x0, 0x0, 0x0, 0x7, 0xff, 0xfd,
    0x0, 0x0, 0x0, 0x3f, 0xf9, 0xff, 0xa0, 0x0,
    0x1, 0xef, 0xc0, 0x5f, 0xf6, 0x0, 0xb, 0xfe,
    0x10, 0xa, 0xff, 0x20, 0x7f, 0xf4, 0x0, 0x0,
    0xdf, 0xd0,

    /* U+0079 "y" */
    0xd, 0xfb, 0x0, 0x0, 0x0, 0xef, 0x60, 0x7f,
    0xf2, 0x0, 0x0, 0x6f, 0xf0, 0x1, 0xff, 0x80,
    0x0, 0xc, 0xf9, 0x0, 0x9, 0xfe, 0x0, 0x3,
    0xff, 0x20, 0x0, 0x2f, 0xf6, 0x0, 0xaf, 0xb0,
    0x0, 0x0, 0xbf, 0xc0, 0x1f, 0xf4, 0x0, 0x0,
    0x5, 0xff, 0x37, 0xfd, 0x0, 0x0, 0x0, 0xe,
    0xfa, 0xef, 0x70, 0x0, 0x0, 0x0, 0x7f, 0xff,
    0xf1, 0x0, 0x0, 0x0, 0x1, 0xff, 0xf9, 0x0,
    0x0, 0x0, 0x0, 0xa, 0xff, 0x20, 0x0, 0x0,
    0x0, 0x0, 0xbf, 0xc0, 0x0, 0x0, 0x7, 0x52,
    0x7f, 0xf4, 0x0, 0x0, 0x1, 0xff, 0xff, 0xfb,
    0x0, 0x0, 0x0, 0x8, 0xef, 0xe8, 0x0, 0x0,
    0x0, 0x0,

    /* U+007A "z" */
    0x2f, 0xff, 0xff, 0xff, 0xfc, 0x2f, 0xff, 0xff,
    0xff, 0xfb, 0x0, 0x0, 0x0, 0xbf, 0xf2, 0x0,
    0x0, 0x8, 0xff, 0x40, 0x0, 0x0, 0x5f, 0xf7,
    0x0, 0x0, 0x2, 0xff, 0xa0, 0x0, 0x0, 0x1d,
    0xfd, 0x0, 0x0, 0x0, 0xbf, 0xf2, 0x0, 0x0,
    0x8, 0xff, 0x50, 0x0, 0x0, 0x2f, 0xff, 0xff,
    0xff, 0xff, 0x3f, 0xff, 0xff, 0xff, 0xff,

    /* U+007B "{" */
    0x0, 0x3b, 0xff, 0x10, 0xe, 0xff, 0xf1, 0x4,
    0xff, 0x81, 0x0, 0x5f, 0xf2, 0x0, 0x5, 0xff,
    0x20, 0x0, 0x5f, 0xf2, 0x0, 0x5, 0xff, 0x20,
    0x0, 0x7f, 0xf2, 0x0, 0xef, 0xfb, 0x0, 0xe,
    0xff, 0x90, 0x0, 0x18, 0xff, 0x10, 0x0, 0x5f,
    0xf2, 0x0, 0x5, 0xff, 0x20, 0x0, 0x5f, 0xf2,
    0x0, 0x5, 0xff, 0x20, 0x0, 0x5f, 0xf2, 0x0,
    0x3, 0xff, 0x90, 0x0, 0xd, 0xff, 0xf1, 0x0,
    0x2b, 0xff, 0x10,

    /* U+007C "|" */
    0x2f, 0xf3, 0x2f, 0xf3, 0x2f, 0xf3, 0x2f, 0xf3,
    0x2f, 0xf3, 0x2f, 0xf3, 0x2f, 0xf3, 0x2f, 0xf3,
    0x2f, 0xf3, 0x2f, 0xf3, 0x2f, 0xf3, 0x2f, 0xf3,
    0x2f, 0xf3, 0x2f, 0xf3, 0x2f, 0xf3, 0x2f, 0xf3,
    0x2f, 0xf3, 0x2f, 0xf3, 0x2f, 0xf3,

    /* U+007D "}" */
    0xaf, 0xd7, 0x0, 0xa, 0xff, 0xf6, 0x0, 0x3,
    0xff, 0xb0, 0x0, 0xb, 0xfc, 0x0, 0x0, 0xbf,
    0xc0, 0x0, 0xb, 0xfc, 0x0, 0x0, 0xbf, 0xc0,
    0x0, 0xb, 0xfd, 0x0, 0x0, 0x5f, 0xff, 0x50,
    0x3, 0xff, 0xf5, 0x0, 0xaf, 0xe2, 0x0, 0xb,
    0xfc, 0x0, 0x0, 0xbf, 0xc0, 0x0, 0xb, 0xfc,
    0x0, 0x0, 0xbf, 0xc0, 0x0, 0xc, 0xfc, 0x0,
    0x3, 0xff, 0xa0, 0xa, 0xff, 0xf4, 0x0, 0xaf,
    0xd6, 0x0, 0x0,

    /* U+007E "~" */
    0x7, 0xdd, 0x60, 0x0, 0xda, 0x5f, 0xff, 0xfa,
    0x15, 0xf9, 0xbf, 0x32, 0xcf, 0xff, 0xf3, 0xec,
    0x0, 0x9, 0xfe, 0x60,

    /* U+00A0 " " */

    /* U+00A1 "¡" */
    0x5f, 0xd1, 0xcf, 0xf5, 0x7f, 0xe1, 0x1, 0x0,
    0x14, 0x30, 0x3f, 0xd0, 0x4f, 0xe0, 0x5f, 0xe0,
    0x6f, 0xf0, 0x7f, 0xf0, 0x8f, 0xf1, 0x8f, 0xf2,
    0x9f, 0xf3, 0xaf, 0xf4,

    /* U+00A2 "¢" */
    0x0, 0x0, 0x3, 0x81, 0x0, 0x0, 0x0, 0x0,
    0x7, 0xf3, 0x0, 0x0, 0x0, 0x0, 0x7, 0xf3,
    0x0, 0x0, 0x0, 0x4, 0xaf, 0xfe, 0xb3, 0x0,
    0x0, 0x8f, 0xff, 0xff, 0xff, 0x60, 0x6, 0xff,
    0xca, 0xf7, 0xdf, 0xc0, 0xe, 0xfd, 0x7, 0xf3,
    0x16, 0x0, 0x2f, 0xf6, 0x7, 0xf3, 0x0, 0x0,
    0x3f, 0xf4, 0x7, 0xf3, 0x0, 0x0, 0x2f, 0xf6,
    0x7, 0xf3, 0x0, 0x0, 0xd, 0xfd, 0x7, 0xf3,
    0x16, 0x0, 0x5, 0xff, 0xca, 0xf7, 0xdf, 0xd0,
    0x0, 0x8f, 0xff, 0xff, 0xff, 0x50, 0x0, 0x3,
    0xaf, 0xfe, 0xa3, 0x0, 0x0, 0x0, 0x7, 0xf3,
    0x0, 0x0, 0x0, 0x0, 0x7, 0xf3, 0x0, 0x0,
    0x0, 0x0, 0x3, 0x81, 0x0, 0x0,

    /* U+00A3 "£" */
    0x0, 0x0, 0x4, 0xae, 0xff, 0xea, 0x30, 0x0,
    0xa, 0xff, 0xff, 0xff, 0xfa, 0x0, 0x7, 0xff,
    0xd7, 0x55, 0x7c, 0x40, 0x0, 0xff, 0xd0, 0x0,
    0x0, 0x0, 0x0, 0x3f, 0xf6, 0x0, 0x0, 0x0,
    0x0, 0x4, 0xff, 0x40, 0x0, 0x0, 0x0, 0x6f,
    0xff, 0xff, 0xff, 0xff, 0x50, 0x4, 0xac, 0xff,
    0xca, 0xaa, 0xa3, 0x0, 0x0, 0x4f, 0xf4, 0x0,
    0x0, 0x0, 0x0, 0x4, 0xff, 0x40, 0x0, 0x0,
    0x0, 0x0, 0x4f, 0xf4, 0x0, 0x0, 0x0, 0x1,
    0x37, 0xff, 0x73, 0x33, 0x33, 0x31, 0x6f, 0xff,
    0xff, 0xff, 0xff, 0xff, 0x86, 0xff, 0xff, 0xff,
    0xff, 0xff, 0xf8,

    /* U+00A4 "¤" */
    0x0, 0x0, 0x0, 0x0, 0x0, 0x0, 0x0, 0xa,
    0xa0, 0x0, 0x0, 0x0, 0xa, 0xa0, 0x3f, 0xfa,
    0x5c, 0xff, 0xc5, 0xaf, 0xf2, 0x5, 0xff, 0xff,
    0xff, 0xff, 0xff, 0x40, 0x0, 0x9f, 0xf7, 0x11,
    0x7f, 0xf9, 0x0, 0x0, 0xef, 0x40, 0x0, 0x4,
    0xff, 0x0, 0x3, 0xfd, 0x0, 0x0, 0x0, 0xcf,
    0x40, 0x5, 0xfa, 0x0, 0x0, 0x0, 0xaf, 0x50,
    0x4, 0xfd, 0x0, 0x0, 0x0, 0xcf, 0x40, 0x0,
    0xef, 0x40, 0x0, 0x4, 0xff, 0x0, 0x0, 0x9f,
    0xf7, 0x11, 0x7f, 0xf9, 0x0, 0x3, 0xff, 0xff,
    0xff, 0xff, 0xff, 0x30, 0x2f, 0xfb, 0x6c, 0xff,
    0xc6, 0xbf, 0xf2, 0xb, 0xb0, 0x0, 0x0, 0x0,
    0xc, 0xb0, 0x0, 0x0, 0x0, 0x0, 0x0, 0x0,
    0x0,

    /* U+00A5 "¥" */
    0xd, 0xfd, 0x0, 0x0, 0x0, 0x0, 0x5f, 0xf4,
    0x3, 0xff, 0x90, 0x0, 0x0, 0x1, 0xff, 0x90,
    0x0, 0x7f, 0xf4, 0x0, 0x0, 0xb, 0xfd, 0x0,
    0x0, 0xc, 0xfe, 0x10, 0x0, 0x6f, 0xf3, 0x0,
    0x0, 0x2, 0xff, 0xa0, 0x2, 0xff, 0x80, 0x0,
    0x0, 0x0, 0x6f, 0xf5, 0xc, 0xfd, 0x0, 0x0,
    0x0, 0x0, 0xb, 0xfe, 0x9f, 0xf2, 0x0, 0x0,
    0x0, 0x1, 0x13, 0xff, 0xff, 0x91, 0x10, 0x0,
    0x0, 0x1f, 0xff, 0xff, 0xff, 0xff, 0xf8, 0x0,
    0x0, 0x4, 0x44, 0x5f, 0xfa, 0x44, 0x42, 0x0,
    0x0, 0x1, 0x11, 0x3f, 0xf9, 0x11, 0x10, 0x0,
    0x0, 0x1f, 0xff, 0xff, 0xff, 0xff, 0xf8, 0x0,
    0x0, 0x4, 0x44, 0x5f, 0xfa, 0x44, 0x42, 0x0,
    0x0, 0x0, 0x0, 0x1f, 0xf8, 0x0, 0x0, 0x0,

    /* U+00A6 "¦" */
    0x2f, 0xf3, 0x2f, 0xf3, 0x2f, 0xf3, 0x2f, 0xf3,
    0x2f, 0xf3, 0x2f, 0xf3, 0x2f, 0xf3, 0x2, 0x20,
    0x0, 0x0, 0x0, 0x0, 0x0, 0x0, 0x2, 0x20,
    0x2f, 0xf3, 0x2f, 0xf3, 0x2f, 0xf3, 0x2f, 0xf3,
    0x2f, 0xf3, 0x2f, 0xf3, 0x2f, 0xf3,

    /* U+00A7 "§" */
    0x0, 0x29, 0xef, 0xfd, 0x92, 0x3, 0xff, 0xff,
    0xff, 0xf8, 0xb, 0xfb, 0x10, 0x3, 0x92, 0xe,
    0xf5, 0x0, 0x0, 0x0, 0xc, 0xfd, 0x40, 0x0,
    0x0, 0x4, 0xff, 0xff, 0xc6, 0x0, 0xb, 0xfe,
    0xdf, 0xff, 0xc0, 0x3f, 0xf1, 0x1, 0x7f, 0xf6,
    0x5f, 0xd0, 0x0, 0xa, 0xf9, 0x3f, 0xfa, 0x30,
    0xd, 0xf6, 0x9, 0xff, 0xfe, 0xef, 0xd0, 0x0,
    0x39, 0xdf, 0xff, 0x80, 0x0, 0x0, 0x2, 0xaf,
    0xf0, 0x0, 0x0, 0x0, 0x1f, 0xf2, 0x1e, 0x72,
    0x1, 0x8f, 0xf0, 0x5f, 0xff, 0xff, 0xff, 0x60,
    0x4, 0xad, 0xfe, 0xb4, 0x0,

    /* U+00A8 "¨" */
    0x4, 0x50, 0x5, 0x40, 0x1f, 0xf3, 0x3f, 0xf1,
    0xd, 0xe1, 0x1e, 0xd0,

    /* U+00A9 "©" */
    0x0, 0x0, 0x18, 0xdf, 0xfc, 0x81, 0x0, 0x0,
    0x0, 0x6f, 0xa5, 0x23, 0x5b, 0xf6, 0x0, 0x0,
    0x7e, 0x30, 0x0, 0x0, 0x4, 0xf6, 0x0, 0x2f,
    0x30, 0x3b, 0xff, 0xc4, 0x4, 0xf1, 0xa, 0x90,
    0x4f, 0xfd, 0xcf, 0xf3, 0xb, 0x80, 0xf3, 0xc,
    0xf6, 0x0, 0x35, 0x0, 0x5d, 0x1f, 0x0, 0xfe,
    0x0, 0x0, 0x0, 0x3, 0xf1, 0xf0, 0xf, 0xe0,
    0x0, 0x0, 0x0, 0x2f, 0xf, 0x20, 0xcf, 0x60,
    0x3, 0x60, 0x5, 0xd0, 0xb8, 0x3, 0xff, 0xdc,
    0xff, 0x30, 0xa9, 0x4, 0xf1, 0x3, 0xbf, 0xfc,
    0x40, 0x3f, 0x20, 0x9, 0xd1, 0x0, 0x0, 0x0,
    0x2e, 0x70, 0x0, 0x9, 0xe7, 0x20, 0x2, 0x8f,
    0x70, 0x0, 0x0, 0x4, 0xbf, 0xff, 0xfa, 0x30,
    0x0, 0x0, 0x0, 0x0, 0x2, 0x20, 0x0, 0x0,
    0x0,

    /* U+00AA "ª" */
    0x7, 0xdf, 0xfa, 0x10, 0xc9, 0x69, 0xfa, 0x0,
    0x0, 0xd, 0xf0, 0x7d, 0xee, 0xff, 0x3f, 0x92,
    0x1c, 0xf4, 0xf8, 0x3, 0xff, 0xa, 0xff, 0xed,
    0xf0, 0x1, 0x20, 0x12,

    /* U+00AB "«" */
    0x0, 0x8, 0xe8, 0x6, 0xea, 0x0, 0x4, 0xfe,
    0x12, 0xff, 0x20, 0x1, 0xef, 0x40, 0xdf, 0x60,
    0x0, 0xbf, 0x90, 0x9f, 0xb0, 0x0, 0xd, 0xf7,
    0xb, 0xf9, 0x0, 0x0, 0x2f, 0xf3, 0x1e, 0xf5,
    0x0, 0x0, 0x6f, 0xd0, 0x4f, 0xe1, 0x0, 0x0,
    0xaf, 0x90, 0x8f, 0xb0,

    /* U+00AC "¬" */
    0x0, 0x0, 0x0, 0x0, 0x0, 0xbf, 0xff, 0xff,
    0xff, 0xf8, 0xbf, 0xff, 0xff, 0xff, 0xf8, 0x0,
    0x0, 0x0, 0xa, 0xf8, 0x0, 0x0, 0x0, 0xa,
    0xf8, 0x0, 0x0, 0x0, 0xa, 0xf8, 0x0, 0x0,
    0x0, 0x5, 0x84,

    /* U+00AE "®" */
    0x0, 0x0, 0x18, 0xdf, 0xfc, 0x81, 0x0, 0x0,
    0x0, 0x6f, 0xa5, 0x23, 0x5b, 0xf6, 0x0, 0x0,
    0x7e, 0x31, 0x11, 0x10, 0x4, 0xf6, 0x0, 0x2f,
    0x30, 0xff, 0xff, 0xe7, 0x4, 0xf1, 0xa, 0x90,
    0xf, 0xc4, 0x5b, 0xf5, 0xb, 0x80, 0xf3, 0x0,
    0xfb, 0x0, 0x1f, 0x80, 0x5d, 0x1f, 0x0, 0xf,
    0xb1, 0x18, 0xf6, 0x3, 0xf1, 0xf0, 0x0, 0xff,
    0xff, 0xfa, 0x0, 0x2f, 0xf, 0x20, 0xf, 0xc4,
    0x8f, 0x50, 0x5, 0xd0, 0xb8, 0x0, 0xfb, 0x0,
    0xce, 0x0, 0xa9, 0x4, 0xf1, 0xd, 0x90, 0x2,
    0xd6, 0x3f, 0x20, 0x9, 0xd1, 0x0, 0x0, 0x0,
    0x2e, 0x70, 0x0, 0x9, 0xe7, 0x20, 0x2, 0x8f,
    0x70, 0x0, 0x0, 0x4, 0xbf, 0xff, 0xfa, 0x30,
    0x0, 0x0, 0x0, 0x0, 0x2, 0x20, 0x0, 0x0,
    0x0,

    /* U+00AF "¯" */
    0x38, 0x88, 0x88, 0x83, 0x7f, 0xff, 0xff, 0xf7,

    /* U+00B0 "°" */
    0x0, 0x0, 0x0, 0x0, 0x1, 0xaf, 0xfd, 0x30,
    0xc, 0xe6, 0x5b, 0xf2, 0x2f, 0x40, 0x0, 0xe8,
    0x2f, 0x30, 0x0, 0xe8, 0xd, 0xc3, 0x29, 0xf3,
    0x2, 0xdf, 0xff, 0x60, 0x0, 0x3, 0x30, 0x0,

    /* U+00B1 "±" */
    0x0, 0x2, 0xff, 0x0, 0x0, 0x0, 0x2, 0xff,
    0x0, 0x0, 0x0, 0x2, 0xff, 0x0, 0x0, 0x0,
    0x2, 0xff, 0x0, 0x0, 0xbf, 0xff, 0xff, 0xff,
    0xf8, 0xbf, 0xff, 0xff, 0xff, 0xf8, 0x0, 0x2,
    0xff, 0x0, 0x0, 0x0, 0x2, 0xff, 0x0, 0x0,
    0x0, 0x2, 0xff, 0x0, 0x0, 0x0, 0x0, 0x22,
    0x0, 0x0, 0x0, 0x0, 0x0, 0x0, 0x0, 0xbf,
    0xff, 0xff, 0xff, 0xf8, 0xbf, 0xff, 0xff, 0xff,
    0xf8,

    /* U+00B2 "²" */
    0x5, 0xcf, 0xfc, 0x40, 0x3f, 0xd9, 0x9f, 0xf2,
    0x2, 0x0, 0x8, 0xf5, 0x0, 0x0, 0x1e, 0xe0,
    0x0, 0x3, 0xed, 0x20, 0x0, 0x7f, 0xc1, 0x0,
    0xa, 0xfe, 0x77, 0x75, 0x2f, 0xff, 0xff, 0xfb,

    /* U+00B3 "³" */
    0x3f, 0xff, 0xff, 0xf5, 0x17, 0x77, 0xaf, 0xd1,
    0x0, 0x4, 0xfb, 0x0, 0x0, 0xe, 0xff, 0xa0,
    0x0, 0x4, 0x49, 0xf9, 0x2, 0x0, 0x1, 0xfc,
    0x4f, 0xc9, 0x9d, 0xf6, 0x18, 0xdf, 0xfd, 0x60,

    /* U+00B4 "´" */
    0x0, 0x7f, 0xf6, 0x5, 0xff, 0x40, 0x4f, 0xe2,
    0x0,

    /* U+00B5 "µ" */
    0x5f, 0xf2, 0x0, 0x0, 0x6f, 0xf1, 0x5f, 0xf2,
    0x0, 0x0, 0x6f, 0xf1, 0x5f, 0xf2, 0x0, 0x0,
    0x6f, 0xf1, 0x5f, 0xf2, 0x0, 0x0, 0x6f, 0xf1,
    0x5f, 0xf2, 0x0, 0x0, 0x6f, 0xf1, 0x5f, 0xf2,
    0x0, 0x0, 0x6f, 0xf1, 0x5f, 0xf3, 0x0, 0x0,
    0x8f, 0xf1, 0x5f, 0xf6, 0x0, 0x0, 0xdf, 0xf1,
    0x5f, 0xfe, 0x51, 0x3b, 0xff, 0xf1, 0x5f, 0xff,
    0xff, 0xff, 0xef, 0xf1, 0x5f, 0xf8, 0xdf, 0xe9,
    0x5f, 0xf1, 0x5f, 0xf2, 0x0, 0x0, 0x0, 0x0,
    0x5f, 0xf2, 0x0, 0x0, 0x0, 0x0, 0x5f, 0xf2,
    0x0, 0x0, 0x0, 0x0, 0x5f, 0xf2, 0x0, 0x0,
    0x0, 0x0,

    /* U+00B6 "¶" */
    0x0, 0x8d, 0xff, 0xff, 0xff, 0xf7, 0xd, 0xff,
    0xff, 0xfe, 0xef, 0xf7, 0x7f, 0xff, 0xff, 0x90,
    0xa, 0xf7, 0xaf, 0xff, 0xff, 0x90, 0xa, 0xf7,
    0x9f, 0xff, 0xff, 0x90, 0xa, 0xf7, 0x3f, 0xff,
    0xff, 0x90, 0xa, 0xf7, 0x6, 0xff, 0xff, 0x90,
    0xa, 0xf7, 0x0, 0x15, 0xbf, 0x90, 0xa, 0xf7,
    0x0, 0x0, 0x7f, 0x90, 0xa, 0xf7, 0x0, 0x0,
    0x7f, 0x90, 0xa, 0xf7, 0x0, 0x0, 0x7f, 0x90,
    0xa, 0xf7, 0x0, 0x0, 0x7f, 0x90, 0xa, 0xf7,
    0x0, 0x0, 0x7f, 0x90, 0xa, 0xf7, 0x0, 0x0,
    0x7f, 0x90, 0xa, 0xf7, 0x0, 0x0, 0x7f, 0x90,
    0xa, 0xf7, 0x0, 0x0, 0x7f, 0x90, 0xa, 0xf7,
    0x0, 0x0, 0x6e, 0x80, 0x9, 0xe6,

    /* U+00B7 "·" */
    0x5, 0x30, 0x9f, 0xf4, 0xcf, 0xf7, 0x5f, 0xd1,

    /* U+00B8 "¸" */
    0x0, 0xd9, 0x0, 0x1, 0xfe, 0x60, 0x0, 0x1b,
    0xf1, 0x4, 0x1b, 0xf1, 0x4f, 0xff, 0x80, 0x2,
    0x31, 0x0,

    /* U+00B9 "¹" */
    0x4f, 0xff, 0x90, 0x2, 0x79, 0xf9, 0x0, 0x0,
    0x4f, 0x90, 0x0, 0x4, 0xf9, 0x0, 0x0, 0x4f,
    0x90, 0x0, 0x4, 0xf9, 0x0, 0x37, 0x9f, 0xc7,
    0x37, 0xff, 0xff, 0xf7,

    /* U+00BA "º" */
    0x1, 0xae, 0xfc, 0x50, 0xd, 0xf9, 0x8d, 0xf5,
    0x5f, 0x70, 0x0, 0xfc, 0x6f, 0x50, 0x0, 0xed,
    0x2f, 0xd4, 0x29, 0xf8, 0x5, 0xef, 0xff, 0xa0,
    0x0, 0x4, 0x52, 0x0,

    /* U+00BB "»" */
    0x1d, 0xd2, 0xc, 0xe4, 0x0, 0x7, 0xfd, 0x4,
    0xfe, 0x10, 0x0, 0xbf, 0x90, 0x9f, 0xb0, 0x0,
    0x1e, 0xf4, 0xd, 0xf7, 0x0, 0xd, 0xf6, 0xb,
    0xf8, 0x0, 0xaf, 0xa0, 0x7f, 0xc0, 0x5, 0xfe,
    0x13, 0xff, 0x20, 0x1e, 0xf3, 0xd, 0xf6, 0x0,

    /* U+00BC "¼" */
    0x2, 0x22, 0x10, 0x0, 0x0, 0x0, 0x1, 0x20,
    0x0, 0x0, 0x4f, 0xff, 0x90, 0x0, 0x0, 0x0,
    0x3f, 0xb0, 0x0, 0x0, 0x15, 0x7f, 0x90, 0x0,
    0x0, 0x0, 0xdf, 0x10, 0x0, 0x0, 0x0, 0x4f,
    0x90, 0x0, 0x0, 0x8, 0xf6, 0x0, 0x0, 0x0,
    0x0, 0x4f, 0x90, 0x0, 0x0, 0x3f, 0xb0, 0x0,
    0x0, 0x0, 0x0, 0x4f, 0x90, 0x0, 0x0, 0xdf,
    0x20, 0x0, 0x0, 0x0, 0x0, 0x4f, 0x90, 0x0,
    0x8, 0xf6, 0x0, 0x3, 0x51, 0x0, 0x2, 0x5f,
    0xa2, 0x10, 0x3f, 0xb0, 0x0, 0x3f, 0xc0, 0x0,
    0x7f, 0xff, 0xff, 0x70, 0xdf, 0x20, 0x0, 0xdf,
    0x20, 0x0, 0x25, 0x55, 0x55, 0x28, 0xf6, 0x0,
    0x9, 0xf5, 0x0, 0x0, 0x0, 0x0, 0x0, 0x3f,
    0xc0, 0x0, 0x5f, 0xa0, 0x9a, 0x0, 0x0, 0x0,
    0x0, 0xdf, 0x20, 0x1, 0xee, 0x32, 0xce, 0x20,
    0x0, 0x0, 0x8, 0xf7, 0x0, 0x7, 0xff, 0xff,
    0xff, 0xf5, 0x0, 0x0, 0x2f, 0xc0, 0x0, 0x2,
    0x55, 0x55, 0xfe, 0x51, 0x0, 0x0, 0xcf, 0x20,
    0x0, 0x0, 0x0, 0x0, 0xed, 0x0, 0x0, 0x1,
    0x53, 0x0, 0x0, 0x0, 0x0, 0x0, 0x44, 0x0,

    /* U+00BD "½" */
    0x2, 0x22, 0x10, 0x0, 0x0, 0x0, 0x1, 0x20,
    0x0, 0x4, 0xff, 0xf9, 0x0, 0x0, 0x0, 0x3,
    0xfb, 0x0, 0x0, 0x15, 0x7f, 0x90, 0x0, 0x0,
    0x0, 0xdf, 0x10, 0x0, 0x0, 0x4, 0xf9, 0x0,
    0x0, 0x0, 0x8f, 0x60, 0x0, 0x0, 0x0, 0x4f,
    0x90, 0x0, 0x0, 0x3f, 0xb0, 0x0, 0x0, 0x0,
    0x4, 0xf9, 0x0, 0x0, 0xd, 0xf2, 0x0, 0x0,
    0x0, 0x0, 0x4f, 0x90, 0x0, 0x8, 0xf6, 0x4,
    0x77, 0x50, 0x0, 0x25, 0xfa, 0x21, 0x3, 0xfb,
    0x1c, 0xff, 0xff, 0xd0, 0x7f, 0xff, 0xff, 0x70,
    0xdf, 0x20, 0x96, 0x0, 0x9f, 0x62, 0x55, 0x55,
    0x52, 0x8f, 0x60, 0x0, 0x0, 0x6, 0xf7, 0x0,
    0x0, 0x0, 0x3f, 0xc0, 0x0, 0x0, 0x1, 0xef,
    0x20, 0x0, 0x0, 0xd, 0xf2, 0x0, 0x0, 0x2,
    0xef, 0x40, 0x0, 0x0, 0x8, 0xf7, 0x0, 0x0,
    0x3, 0xee, 0x30, 0x0, 0x0, 0x2, 0xfc, 0x0,
    0x0, 0x4, 0xff, 0x52, 0x21, 0x0, 0x0, 0xcf,
    0x20, 0x0, 0x0, 0xef, 0xff, 0xff, 0xd0, 0x0,
    0x15, 0x30, 0x0, 0x0, 0x4, 0x55, 0x55, 0x54,

    /* U+00BE "¾" */
    0x2, 0x22, 0x22, 0x20, 0x0, 0x0, 0x0, 0x12,
    0x0, 0x0, 0x3, 0xff, 0xff, 0xff, 0x50, 0x0,
    0x0, 0x3f, 0xb0, 0x0, 0x0, 0x15, 0x55, 0x9f,
    0xc0, 0x0, 0x0, 0xd, 0xf1, 0x0, 0x0, 0x0,
    0x0, 0x5f, 0xb0, 0x0, 0x0, 0x8, 0xf6, 0x0,
    0x0, 0x0, 0x0, 0xe, 0xff, 0x90, 0x0, 0x3,
    0xfb, 0x0, 0x0, 0x0, 0x0, 0x0, 0x34, 0xaf,
    0x80, 0x0, 0xdf, 0x20, 0x0, 0x0, 0x0, 0x0,
    0x0, 0x0, 0xfc, 0x0, 0x8f, 0x60, 0x0, 0x57,
    0x10, 0x1, 0xb4, 0x0, 0x7f, 0x90, 0x3f, 0xb0,
    0x0, 0x4f, 0xb0, 0x0, 0x5f, 0xff, 0xff, 0xd1,
    0xd, 0xf2, 0x0, 0x1e, 0xe1, 0x0, 0x0, 0x15,
    0x77, 0x50, 0x8, 0xf6, 0x0, 0xa, 0xf4, 0x0,
    0x0, 0x0, 0x0, 0x0, 0x3, 0xfc, 0x0, 0x5,
    0xf9, 0x8, 0x90, 0x0, 0x0, 0x0, 0x0, 0xdf,
    0x20, 0x1, 0xfe, 0x22, 0xce, 0x20, 0x0, 0x0,
    0x0, 0x8f, 0x70, 0x0, 0x7f, 0xff, 0xff, 0xff,
    0x50, 0x0, 0x0, 0x2f, 0xc0, 0x0, 0x2, 0x55,
    0x55, 0xfe, 0x51, 0x0, 0x0, 0xc, 0xf2, 0x0,
    0x0, 0x0, 0x0, 0xe, 0xd0, 0x0, 0x0, 0x1,
    0x53, 0x0, 0x0, 0x0, 0x0, 0x0, 0x44, 0x0,

    /* U+00BF "¿" */
    0x0, 0x4, 0xed, 0x20, 0x0, 0x0, 0x0, 0xaf,
    0xf7, 0x0, 0x0, 0x0, 0x5, 0xff, 0x30, 0x0,
    0x0, 0x0, 0x1, 0x0, 0x0, 0x0, 0x0, 0x1,
    0x33, 0x0, 0x0, 0x0, 0x0, 0x8f, 0xf1, 0x0,
    0x0, 0x0, 0x3f, 0xfb, 0x0, 0x0, 0x0, 0x3f,
    0xfc, 0x10, 0x0, 0x0, 0x2f, 0xfc, 0x10, 0x0,
    0x0, 0x9, 0xff, 0x10, 0x0, 0x0, 0x0, 0xcf,
    0xe0, 0x0, 0x0, 0x40, 0xa, 0xff, 0x91, 0x2,
    0x8f, 0xe3, 0x3f, 0xff, 0xff, 0xff, 0xfc, 0x0,
    0x3b, 0xff, 0xff, 0xd7, 0x0, 0x0, 0x0, 0x23,
    0x10, 0x0, 0x0,

    /* U+00C0 "À" */
    0x0, 0x0, 0x1b, 0xfd, 0x20, 0x0, 0x0, 0x0,
    0x0, 0x0, 0x0, 0x6, 0xfe, 0x20, 0x0, 0x0,
    0x0, 0x0, 0x0, 0x0, 0x2, 0x86, 0x0, 0x0,
    0x0, 0x0, 0x0, 0x0, 0x0, 0x0, 0x0, 0x0,
    0x0, 0x0, 0x0, 0x0, 0x0, 0x1f, 0xff, 0x0,
    0x0, 0x0, 0x0, 0x0, 0x0, 0x7, 0xff, 0xf7,
    0x0, 0x0, 0x0, 0x0, 0x0, 0x0, 0xef, 0xff,
    0xe0, 0x0, 0x0, 0x0, 0x0, 0x0, 0x5f, 0xf4,
    0xff, 0x50, 0x0, 0x0, 0x0, 0x0, 0xd, 0xfa,
    0xb, 0xfc, 0x0, 0x0, 0x0, 0x0, 0x4, 0xff,
    0x30, 0x4f, 0xf3, 0x0, 0x0, 0x0, 0x0, 0xbf,
    0xc0, 0x0, 0xdf, 0xb0, 0x0, 0x0, 0x0, 0x2f,
    0xf5, 0x0, 0x7, 0xff, 0x20, 0x0, 0x0, 0x9,
    0xfe, 0x11, 0x11, 0x2f, 0xf9, 0x0, 0x0, 0x1,
    0xff, 0xff, 0xff, 0xff, 0xff, 0xf1, 0x0, 0x0,
    0x8f, 0xff, 0xff, 0xff, 0xff, 0xff, 0x80, 0x0,
    0xe, 0xfa, 0x0, 0x0, 0x0, 0xb, 0xfe, 0x0,
    0x6, 0xff, 0x30, 0x0, 0x0, 0x0, 0x4f, 0xf6,
    0x0, 0xdf, 0xc0, 0x0, 0x0, 0x0, 0x0, 0xdf,
    0xd0,

    /* U+00C1 "Á" */
    0x0, 0x0, 0x0, 0x0, 0x2e, 0xfa, 0x10, 0x0,
    0x0, 0x0, 0x0, 0x0, 0x3e, 0xf6, 0x0, 0x0,
    0x0, 0x0, 0x0, 0x0, 0x7, 0x82, 0x0, 0x0,
    0x0, 0x0, 0x0, 0x0, 0x0, 0x0, 0x0, 0x0,
    0x0, 0x0, 0x0, 0x0, 0x0, 0x1f, 0xff, 0x0,
    0x0, 0x0, 0x0, 0x0, 0x0, 0x7, 0xff, 0xf7,
    0x0, 0x0, 0x0, 0x0, 0x0, 0x0, 0xef, 0xff,
    0xe0, 0x0, 0x0, 0x0, 0x0, 0x0, 0x5f, 0xf4,
    0xff, 0x50, 0x0, 0x0, 0x0, 0x0, 0xd, 0xfa,
    0xb, 0xfc, 0x0, 0x0, 0x0, 0x0, 0x4, 0xff,
    0x30, 0x4f, 0xf3, 0x0, 0x0, 0x0, 0x0, 0xbf,
    0xc0, 0x0, 0xdf, 0xb0, 0x0, 0x0, 0x0, 0x2f,
    0xf5, 0x0, 0x7, 0xff, 0x20, 0x0, 0x0, 0x9,
    0xfe, 0x11, 0x11, 0x2f, 0xf9, 0x0, 0x0, 0x1,
    0xff, 0xff, 0xff, 0xff, 0xff, 0xf1, 0x0, 0x0,
    0x8f, 0xff, 0xff, 0xff, 0xff, 0xff, 0x80, 0x0,
    0xe, 0xfa, 0x0, 0x0, 0x0, 0xb, 0xfe, 0x0,
    0x6, 0xff, 0x30, 0x0, 0x0, 0x0, 0x4f, 0xf6,
    0x0, 0xdf, 0xc0, 0x0, 0x0, 0x0, 0x0, 0xdf,
    0xd0,

    /* U+00C2 "Â" */
    0x0, 0x0, 0x0, 0x3f, 0xfe, 0x30, 0x0, 0x0,
    0x0, 0x0, 0x0, 0x4f, 0xc2, 0xcf, 0x40, 0x0,
    0x0, 0x0, 0x0, 0x7, 0x70, 0x0, 0x77, 0x0,
    0x0, 0x0, 0x0, 0x0, 0x0, 0x0, 0x0, 0x0,
    0x0, 0x0, 0x0, 0x0, 0x0, 0x1f, 0xff, 0x0,
    0x0, 0x0, 0x0, 0x0, 0x0, 0x7, 0xff, 0xf7,
    0x0, 0x0, 0x0, 0x0, 0x0, 0x0, 0xef, 0xff,
    0xe0, 0x0, 0x0, 0x0, 0x0, 0x0, 0x5f, 0xf4,
    0xff, 0x50, 0x0, 0x0, 0x0, 0x0, 0xd, 0xfa,
    0xb, 0xfc, 0x0, 0x0, 0x0, 0x0, 0x4, 0xff,
    0x30, 0x4f, 0xf3, 0x0, 0x0, 0x0, 0x0, 0xbf,
    0xc0, 0x0, 0xdf, 0xb0, 0x0, 0x0, 0x0, 0x2f,
    0xf5, 0x0, 0x7, 0xff, 0x20, 0x0, 0x0, 0x9,
    0xfe, 0x11, 0x11, 0x2f, 0xf9, 0x0, 0x0, 0x1,
    0xff, 0xff, 0xff, 0xff, 0xff, 0xf1, 0x0, 0x0,
    0x8f, 0xff, 0xff, 0xff, 0xff, 0xff, 0x80, 0x0,
    0xe, 0xfa, 0x0, 0x0, 0x0, 0xb, 0xfe, 0x0,
    0x6, 0xff, 0x30, 0x0, 0x0, 0x0, 0x4f, 0xf6,
    0x0, 0xdf, 0xc0, 0x0, 0x0, 0x0, 0x0, 0xdf,
    0xd0,

    /* U+00C3 "Ã" */
    0x0, 0x0, 0x1, 0x87, 0x0, 0x19, 0x20, 0x0,
    0x0, 0x0, 0x0, 0xdf, 0xfd, 0x26, 0xf2, 0x0,
    0x0, 0x0, 0x0, 0x3f, 0x62, 0xdf, 0xfc, 0x0,
    0x0, 0x0, 0x0, 0x3, 0x91, 0x1, 0x88, 0x10,
    0x0, 0x0, 0x0, 0x0, 0x0, 0x0, 0x0, 0x0,
    0x0, 0x0, 0x0, 0x0, 0x0, 0x1, 0xff, 0xf0,
    0x0, 0x0, 0x0, 0x0, 0x0, 0x0, 0x7f, 0xff,
    0x70, 0x0, 0x0, 0x0, 0x0, 0x0, 0xe, 0xff,
    0xfe, 0x0, 0x0, 0x0, 0x0, 0x0, 0x5, 0xff,
    0x4f, 0xf5, 0x0, 0x0, 0x0, 0x0, 0x0, 0xdf,
    0xa0, 0xbf, 0xc0, 0x0, 0x0, 0x0, 0x0, 0x4f,
    0xf3, 0x4, 0xff, 0x30, 0x0, 0x0, 0x0, 0xb,
    0xfc, 0x0, 0xd, 0xfb, 0x0, 0x0, 0x0, 0x2,
    0xff, 0x50, 0x0, 0x7f, 0xf2, 0x0, 0x0, 0x0,
    0x9f, 0xe1, 0x11, 0x12, 0xff, 0x90, 0x0, 0x0,
    0x1f, 0xff, 0xff, 0xff, 0xff, 0xff, 0x10, 0x0,
    0x8, 0xff, 0xff, 0xff, 0xff, 0xff, 0xf8, 0x0,
    0x0, 0xef, 0xa0, 0x0, 0x0, 0x0, 0xbf, 0xe0,
    0x0, 0x6f, 0xf3, 0x0, 0x0, 0x0, 0x4, 0xff,
    0x60, 0xd, 0xfc, 0x0, 0x0, 0x0, 0x0, 0xd,
    0xfd, 0x0,

    /* U+00C4 "Ä" */
    0x0, 0x0, 0x5, 0xf7, 0x7, 0xf5, 0x0, 0x0,
    0x0, 0x0, 0x0, 0x9f, 0xa0, 0xbf, 0x80, 0x0,
    0x0, 0x0, 0x0, 0x1, 0x61, 0x1, 0x61, 0x0,
    0x0, 0x0, 0x0, 0x0, 0x0, 0x0, 0x0, 0x0,
    0x0, 0x0, 0x0, 0x0, 0x0, 0x1f, 0xff, 0x0,
    0x0, 0x0, 0x0, 0x0, 0x0, 0x7, 0xff, 0xf7,
    0x0, 0x0, 0x0, 0x0, 0x0, 0x0, 0xef, 0xff,
    0xe0, 0x0, 0x0, 0x0, 0x0, 0x0, 0x5f, 0xf4,
    0xff, 0x50, 0x0, 0x0, 0x0, 0x0, 0xd, 0xfa,
    0xb, 0xfc, 0x0, 0x0, 0x0, 0x0, 0x4, 0xff,
    0x30, 0x4f, 0xf3, 0x0, 0x0, 0x0, 0x0, 0xbf,
    0xc0, 0x0, 0xdf, 0xb0, 0x0, 0x0, 0x0, 0x2f,
    0xf5, 0x0, 0x7, 0xff, 0x20, 0x0, 0x0, 0x9,
    0xfe, 0x11, 0x11, 0x2f, 0xf9, 0x0, 0x0, 0x1,
    0xff, 0xff, 0xff, 0xff, 0xff, 0xf1, 0x0, 0x0,
    0x8f, 0xff, 0xff, 0xff, 0xff, 0xff, 0x80, 0x0,
    0xe, 0xfa, 0x0, 0x0, 0x0, 0xb, 0xfe, 0x0,
    0x6, 0xff, 0x30, 0x0, 0x0, 0x0, 0x4f, 0xf6,
    0x0, 0xdf, 0xc0, 0x0, 0x0, 0x0, 0x0, 0xdf,
    0xd0,

    /* U+00C5 "Å" */
    0x0, 0x0, 0x0, 0xa, 0xea, 0x0, 0x0, 0x0,
    0x0, 0x0, 0x0, 0x8, 0xa2, 0xb8, 0x0, 0x0,
    0x0, 0x0, 0x0, 0x0, 0xd3, 0x4, 0xc0, 0x0,
    0x0, 0x0, 0x0, 0x0, 0xc, 0x50, 0x6b, 0x0,
    0x0, 0x0, 0x0, 0x0, 0x0, 0x5e, 0x8e, 0x40,
    0x0, 0x0, 0x0, 0x0, 0x0, 0x0, 0x48, 0x30,
    0x0, 0x0, 0x0, 0x0, 0x0, 0x0, 0x1f, 0xff,
    0x0, 0x0, 0x0, 0x0, 0x0, 0x0, 0x7, 0xff,
    0xf7, 0x0, 0x0, 0x0, 0x0, 0x0, 0x0, 0xef,
    0xff, 0xe0, 0x0, 0x0, 0x0, 0x0, 0x0, 0x5f,
    0xf4, 0xff, 0x50, 0x0, 0x0, 0x0, 0x0, 0xd,
    0xfa, 0xb, 0xfc, 0x0, 0x0, 0x0, 0x0, 0x4,
    0xff, 0x30, 0x4f, 0xf3, 0x0, 0x0, 0x0, 0x0,
    0xbf, 0xc0, 0x0, 0xdf, 0xb0, 0x0, 0x0, 0x0,
    0x2f, 0xf5, 0x0, 0x7, 0xff, 0x20, 0x0, 0x0,
    0x9, 0xfe, 0x11, 0x11, 0x2f, 0xf9, 0x0, 0x0,
    0x1, 0xff, 0xff, 0xff, 0xff, 0xff, 0xf1, 0x0,
    0x0, 0x8f, 0xff, 0xff, 0xff, 0xff, 0xff, 0x80,
    0x0, 0xe, 0xfa, 0x0, 0x0, 0x0, 0xb, 0xfe,
    0x0, 0x6, 0xff, 0x30, 0x0, 0x0, 0x0, 0x4f,
    0xf6, 0x0, 0xdf, 0xc0, 0x0, 0x0, 0x0, 0x0,
    0xdf, 0xd0,

    /* U+00C6 "Æ" */
    0x0, 0x0, 0x0, 0x0, 0x4f, 0xff, 0xff, 0xff,
    0xff, 0xff, 0xf0, 0x0, 0x0, 0x0, 0x0, 0xdf,
    0xff, 0xff, 0xff, 0xff, 0xff, 0xf0, 0x0, 0x0,
    0x0, 0x6, 0xff, 0x8f, 0xf7, 0x33, 0x33, 0x33,
    0x30, 0x0, 0x0, 0x0, 0x1e, 0xf8, 0x4f, 0xf5,
    0x0, 0x0, 0x0, 0x0, 0x0, 0x0, 0x0, 0x9f,
    0xe1, 0x4f, 0xf5, 0x0, 0x0, 0x0, 0x0, 0x0,
    0x0, 0x2, 0xff, 0x60, 0x4f, 0xf7, 0x22, 0x22,
    0x22, 0x0, 0x0, 0x0, 0xc, 0xfd, 0x0, 0x4f,
    0xff, 0xff, 0xff, 0xff, 0x10, 0x0, 0x0, 0x5f,
    0xf4, 0x0, 0x4f, 0xff, 0xff, 0xff, 0xff, 0x10,
    0x0, 0x0, 0xef, 0xc1, 0x11, 0x5f, 0xf5, 0x0,
    0x0, 0x0, 0x0, 0x0, 0x7, 0xff, 0xff, 0xff,
    0xff, 0xf5, 0x0, 0x0, 0x0, 0x0, 0x0, 0x1f,
    0xff, 0xff, 0xff, 0xff, 0xf5, 0x0, 0x0, 0x0,
    0x0, 0x0, 0xaf, 0xe1, 0x0, 0x0, 0x4f, 0xf7,
    0x33, 0x33, 0x33, 0x30, 0x3, 0xff, 0x60, 0x0,
    0x0, 0x4f, 0xff, 0xff, 0xff, 0xff, 0xf3, 0xc,
    0xfd, 0x0, 0x0, 0x0, 0x4f, 0xff, 0xff, 0xff,
    0xff, 0xf3,

    /* U+00C7 "Ç" */
    0x0, 0x0, 0x18, 0xcf, 0xfe, 0xb6, 0x0, 0x0,
    0x6, 0xff, 0xff, 0xff, 0xff, 0xd2, 0x0, 0x7f,
    0xff, 0xa6, 0x56, 0xbf, 0xfa, 0x3, 0xff, 0xe3,
    0x0, 0x0, 0x4, 0x90, 0xa, 0xff, 0x30, 0x0,
    0x0, 0x0, 0x0, 0xf, 0xfb, 0x0, 0x0, 0x0,
    0x0, 0x0, 0x1f, 0xf8, 0x0, 0x0, 0x0, 0x0,
    0x0, 0x1f, 0xf8, 0x0, 0x0, 0x0, 0x0, 0x0,
    0xf, 0xfb, 0x0, 0x0, 0x0, 0x0, 0x0, 0xa,
    0xff, 0x30, 0x0, 0x0, 0x0, 0x0, 0x3, 0xff,
    0xe3, 0x0, 0x0, 0x4, 0x90, 0x0, 0x7f, 0xff,
    0xa6, 0x56, 0xbf, 0xfa, 0x0, 0x6, 0xff, 0xff,
    0xff, 0xff, 0xd2, 0x0, 0x0, 0x18, 0xcf, 0xfe,
    0xb6, 0x0, 0x0, 0x0, 0x0, 0xa, 0xc0, 0x0,
    0x0, 0x0, 0x0, 0x0, 0x9, 0xde, 0x10, 0x0,
    0x0, 0x0, 0x0, 0x21, 0x7f, 0x50, 0x0, 0x0,
    0x0, 0x0, 0xff, 0xfc, 0x10, 0x0, 0x0, 0x0,
    0x0, 0x13, 0x20, 0x0, 0x0,

    /* U+00C8 "È" */
    0x0, 0x5e, 0xf8, 0x0, 0x0, 0x0, 0x0, 0x1,
    0xcf, 0x90, 0x0, 0x0, 0x0, 0x0, 0x6, 0x83,
    0x0, 0x0, 0x0, 0x0, 0x0, 0x0, 0x0, 0x0,
    0x2f, 0xff, 0xff, 0xff, 0xff, 0xf1, 0x2f, 0xff,
    0xff, 0xff, 0xff, 0xf1, 0x2f, 0xf9, 0x33, 0x33,
    0x33, 0x30, 0x2f, 0xf7, 0x0, 0x0, 0x0, 0x0,
    0x2f, 0xf7, 0x0, 0x0, 0x0, 0x0, 0x2f, 0xf9,
    0x22, 0x22, 0x22, 0x0, 0x2f, 0xff, 0xff, 0xff,
    0xff, 0x30, 0x2f, 0xff, 0xff, 0xff, 0xff, 0x30,
    0x2f, 0xf7, 0x0, 0x0, 0x0, 0x0, 0x2f, 0xf7,
    0x0, 0x0, 0x0, 0x0, 0x2f, 0xf7, 0x0, 0x0,
    0x0, 0x0, 0x2f, 0xf9, 0x33, 0x33, 0x33, 0x31,
    0x2f, 0xff, 0xff, 0xff, 0xff, 0xf6, 0x2f, 0xff,
    0xff, 0xff, 0xff, 0xf6,

    /* U+00C9 "É" */
    0x0, 0x0, 0x0, 0x8f, 0xe5, 0x0, 0x0, 0x0,
    0x9, 0xfc, 0x10, 0x0, 0x0, 0x0, 0x38, 0x60,
    0x0, 0x0, 0x0, 0x0, 0x0, 0x0, 0x0, 0x0,
    0x2f, 0xff, 0xff, 0xff, 0xff, 0xf1, 0x2f, 0xff,
    0xff, 0xff, 0xff, 0xf1, 0x2f, 0xf9, 0x33, 0x33,
    0x33, 0x30, 0x2f, 0xf7, 0x0, 0x0, 0x0, 0x0,
    0x2f, 0xf7, 0x0, 0x0, 0x0, 0x0, 0x2f, 0xf9,
    0x22, 0x22, 0x22, 0x0, 0x2f, 0xff, 0xff, 0xff,
    0xff, 0x30, 0x2f, 0xff, 0xff, 0xff, 0xff, 0x30,
    0x2f, 0xf7, 0x0, 0x0, 0x0, 0x0, 0x2f, 0xf7,
    0x0, 0x0, 0x0, 0x0, 0x2f, 0xf7, 0x0, 0x0,
    0x0, 0x0, 0x2f, 0xf9, 0x33, 0x33, 0x33, 0x31,
    0x2f, 0xff, 0xff, 0xff, 0xff, 0xf6, 0x2f, 0xff,
    0xff, 0xff, 0xff, 0xf6,

    /* U+00CA "Ê" */
    0x0, 0x0, 0xaf, 0xfa, 0x0, 0x0, 0x0, 0xb,
    0xf5, 0x5f, 0xb0, 0x0, 0x0, 0x48, 0x40, 0x4,
    0x84, 0x0, 0x0, 0x0, 0x0, 0x0, 0x0, 0x0,
    0x2f, 0xff, 0xff, 0xff, 0xff, 0xf1, 0x2f, 0xff,
    0xff, 0xff, 0xff, 0xf1, 0x2f, 0xf9, 0x33, 0x33,
    0x33, 0x30, 0x2f, 0xf7, 0x0, 0x0, 0x0, 0x0,
    0x2f, 0xf7, 0x0, 0x0, 0x0, 0x0, 0x2f, 0xf9,
    0x22, 0x22, 0x22, 0x0, 0x2f, 0xff, 0xff, 0xff,
    0xff, 0x30, 0x2f, 0xff, 0xff, 0xff, 0xff, 0x30,
    0x2f, 0xf7, 0x0, 0x0, 0x0, 0x0, 0x2f, 0xf7,
    0x0, 0x0, 0x0, 0x0, 0x2f, 0xf7, 0x0, 0x0,
    0x0, 0x0, 0x2f, 0xf9, 0x33, 0x33, 0x33, 0x31,
    0x2f, 0xff, 0xff, 0xff, 0xff, 0xf6, 0x2f, 0xff,
    0xff, 0xff, 0xff, 0xf6,

    /* U+00CB "Ë" */
    0x0, 0xc, 0xd1, 0x1d, 0xc0, 0x0, 0x0, 0x1f,
    0xf3, 0x3f, 0xf1, 0x0, 0x0, 0x4, 0x50, 0x5,
    0x40, 0x0, 0x0, 0x0, 0x0, 0x0, 0x0, 0x0,
    0x2f, 0xff, 0xff, 0xff, 0xff, 0xf1, 0x2f, 0xff,
    0xff, 0xff, 0xff, 0xf1, 0x2f, 0xf9, 0x33, 0x33,
    0x33, 0x30, 0x2f, 0xf7, 0x0, 0x0, 0x0, 0x0,
    0x2f, 0xf7, 0x0, 0x0, 0x0, 0x0, 0x2f, 0xf9,
    0x22, 0x22, 0x22, 0x0, 0x2f, 0xff, 0xff, 0xff,
    0xff, 0x30, 0x2f, 0xff, 0xff, 0xff, 0xff, 0x30,
    0x2f, 0xf7, 0x0, 0x0, 0x0, 0x0, 0x2f, 0xf7,
    0x0, 0x0, 0x0, 0x0, 0x2f, 0xf7, 0x0, 0x0,
    0x0, 0x0, 0x2f, 0xf9, 0x33, 0x33, 0x33, 0x31,
    0x2f, 0xff, 0xff, 0xff, 0xff, 0xf6, 0x2f, 0xff,
    0xff, 0xff, 0xff, 0xf6,

    /* U+00CC "Ì" */
    0x3d, 0xfa, 0x0, 0x0, 0xaf, 0xb0, 0x0, 0x5,
    0x84, 0x0, 0x0, 0x0, 0x0, 0x2f, 0xf7, 0x0,
    0x2f, 0xf7, 0x0, 0x2f, 0xf7, 0x0, 0x2f, 0xf7,
    0x0, 0x2f, 0xf7, 0x0, 0x2f, 0xf7, 0x0, 0x2f,
    0xf7, 0x0, 0x2f, 0xf7, 0x0, 0x2f, 0xf7, 0x0,
    0x2f, 0xf7, 0x0, 0x2f, 0xf7, 0x0, 0x2f, 0xf7,
    0x0, 0x2f, 0xf7, 0x0, 0x2f, 0xf7,

    /* U+00CD "Í" */
    0x0, 0x5f, 0xf7, 0x0, 0x6f, 0xd3, 0x0, 0x18,
    0x70, 0x0, 0x0, 0x0, 0x0, 0x0, 0x2f, 0xf7,
    0x0, 0x2, 0xff, 0x70, 0x0, 0x2f, 0xf7, 0x0,
    0x2, 0xff, 0x70, 0x0, 0x2f, 0xf7, 0x0, 0x2,
    0xff, 0x70, 0x0, 0x2f, 0xf7, 0x0, 0x2, 0xff,
    0x70, 0x0, 0x2f, 0xf7, 0x0, 0x2, 0xff, 0x70,
    0x0, 0x2f, 0xf7, 0x0, 0x2, 0xff, 0x70, 0x0,
    0x2f, 0xf7, 0x0, 0x2, 0xff, 0x70, 0x0,

    /* U+00CE "Î" */
    0x0, 0x7f, 0xfc, 0x10, 0x9, 0xf8, 0x3e, 0xd1,
    0x28, 0x50, 0x2, 0x85, 0x0, 0x0, 0x0, 0x0,
    0x0, 0x2f, 0xf7, 0x0, 0x0, 0x2f, 0xf7, 0x0,
    0x0, 0x2f, 0xf7, 0x0, 0x0, 0x2f, 0xf7, 0x0,
    0x0, 0x2f, 0xf7, 0x0, 0x0, 0x2f, 0xf7, 0x0,
    0x0, 0x2f, 0xf7, 0x0, 0x0, 0x2f, 0xf7, 0x0,
    0x0, 0x2f, 0xf7, 0x0, 0x0, 0x2f, 0xf7, 0x0,
    0x0, 0x2f, 0xf7, 0x0, 0x0, 0x2f, 0xf7, 0x0,
    0x0, 0x2f, 0xf7, 0x0, 0x0, 0x2f, 0xf7, 0x0,

    /* U+00CF "Ï" */
    0xae, 0x30, 0xce, 0x1e, 0xf5, 0xf, 0xf4, 0x36,
    0x0, 0x35, 0x0, 0x0, 0x0, 0x0, 0x2, 0xff,
    0x70, 0x0, 0x2f, 0xf7, 0x0, 0x2, 0xff, 0x70,
    0x0, 0x2f, 0xf7, 0x0, 0x2, 0xff, 0x70, 0x0,
    0x2f, 0xf7, 0x0, 0x2, 0xff, 0x70, 0x0, 0x2f,
    0xf7, 0x0, 0x2, 0xff, 0x70, 0x0, 0x2f, 0xf7,
    0x0, 0x2, 0xff, 0x70, 0x0, 0x2f, 0xf7, 0x0,
    0x2, 0xff, 0x70, 0x0, 0x2f, 0xf7, 0x0,

    /* U+00D0 "Ð" */
    0x0, 0xef, 0xff, 0xff, 0xfe, 0xb6, 0x0, 0x0,
    0x0, 0xef, 0xff, 0xff, 0xff, 0xff, 0xe4, 0x0,
    0x0, 0xef, 0xc4, 0x44, 0x46, 0xbf, 0xff, 0x40,
    0x0, 0xef, 0xb0, 0x0, 0x0, 0x4, 0xff, 0xe0,
    0x0, 0xef, 0xb0, 0x0, 0x0, 0x0, 0x6f, 0xf6,
    0x0, 0xef, 0xb0, 0x0, 0x0, 0x0, 0xf, 0xfb,
    0xef, 0xff, 0xff, 0xff, 0x70, 0x0, 0xd, 0xfd,
    0xdf, 0xff, 0xff, 0xff, 0x60, 0x0, 0xd, 0xfd,
    0x0, 0xef, 0xb0, 0x0, 0x0, 0x0, 0xf, 0xfb,
    0x0, 0xef, 0xb0, 0x0, 0x0, 0x0, 0x7f, 0xf6,
    0x0, 0xef, 0xb0, 0x0, 0x0, 0x4, 0xff, 0xe0,
    0x0, 0xef, 0xc3, 0x33, 0x46, 0xbf, 0xff, 0x40,
    0x0, 0xef, 0xff, 0xff, 0xff, 0xff, 0xe4, 0x0,
    0x0, 0xef, 0xff, 0xff, 0xfe, 0xb6, 0x0, 0x0,

    /* U+00D1 "Ñ" */
    0x0, 0x0, 0x49, 0x50, 0x5, 0x80, 0x0, 0x0,
    0x3, 0xff, 0xf9, 0x1c, 0xc0, 0x0, 0x0, 0x9,
    0xf1, 0x6f, 0xff, 0x60, 0x0, 0x0, 0x7, 0x70,
    0x3, 0x96, 0x0, 0x0, 0x0, 0x0, 0x0, 0x0,
    0x0, 0x0, 0x0, 0x2f, 0xf6, 0x0, 0x0, 0x0,
    0x4f, 0xf5, 0x2f, 0xff, 0x30, 0x0, 0x0, 0x4f,
    0xf5, 0x2f, 0xff, 0xe1, 0x0, 0x0, 0x4f, 0xf5,
    0x2f, 0xff, 0xfc, 0x0, 0x0, 0x4f, 0xf5, 0x2f,
    0xfc, 0xff, 0x90, 0x0, 0x4f, 0xf5, 0x2f, 0xf7,
    0x9f, 0xf6, 0x0, 0x4f, 0xf5, 0x2f, 0xf7, 0xc,
    0xff, 0x30, 0x4f, 0xf5, 0x2f, 0xf7, 0x1, 0xef,
    0xe1, 0x4f, 0xf5, 0x2f, 0xf7, 0x0, 0x3f, 0xfc,
    0x4f, 0xf5, 0x2f, 0xf7, 0x0, 0x6, 0xff, 0xdf,
    0xf5, 0x2f, 0xf7, 0x0, 0x0, 0x9f, 0xff, 0xf5,
    0x2f, 0xf7, 0x0, 0x0, 0xc, 0xff, 0xf5, 0x2f,
    0xf7, 0x0, 0x0, 0x1, 0xef, 0xf5, 0x2f, 0xf7,
    0x0, 0x0, 0x0, 0x3f, 0xf5,

    /* U+00D2 "Ò" */
    0x0, 0x0, 0x28, 0x85, 0x0, 0x0, 0x0, 0x0,
    0x0, 0x0, 0x6, 0xff, 0x50, 0x0, 0x0, 0x0,
    0x0, 0x0, 0x0, 0x4f, 0xf3, 0x0, 0x0, 0x0,
    0x0, 0x0, 0x0, 0x2, 0x86, 0x0, 0x0, 0x0,
    0x0, 0x0, 0x0, 0x0, 0x0, 0x0, 0x0, 0x0,
    0x0, 0x0, 0x17, 0xcf, 0xfe, 0xc6, 0x0, 0x0,
    0x0, 0x6, 0xff, 0xff, 0xff, 0xff, 0xe4, 0x0,
    0x0, 0x7f, 0xff, 0xa6, 0x57, 0xbf, 0xff, 0x40,
    0x3, 0xff, 0xe3, 0x0, 0x0, 0x4, 0xff, 0xf1,
    0xa, 0xff, 0x30, 0x0, 0x0, 0x0, 0x6f, 0xf8,
    0xf, 0xfb, 0x0, 0x0, 0x0, 0x0, 0xe, 0xfc,
    0x1f, 0xf8, 0x0, 0x0, 0x0, 0x0, 0xb, 0xfe,
    0x1f, 0xf8, 0x0, 0x0, 0x0, 0x0, 0xb, 0xfe,
    0xf, 0xfb, 0x0, 0x0, 0x0, 0x0, 0xe, 0xfc,
    0xa, 0xff, 0x30, 0x0, 0x0, 0x0, 0x6f, 0xf8,
    0x3, 0xff, 0xe3, 0x0, 0x0, 0x4, 0xff, 0xf1,
    0x0, 0x7f, 0xff, 0xa6, 0x57, 0xbf, 0xff, 0x50,
    0x0, 0x6, 0xff, 0xff, 0xff, 0xff, 0xe4, 0x0,
    0x0, 0x0, 0x17, 0xcf, 0xfe, 0xc6, 0x0, 0x0,

    /* U+00D3 "Ó" */
    0x0, 0x0, 0x0, 0x0, 0x6, 0x87, 0x10, 0x0,
    0x0, 0x0, 0x0, 0x0, 0x7f, 0xf4, 0x0, 0x0,
    0x0, 0x0, 0x0, 0x5, 0xfe, 0x20, 0x0, 0x0,
    0x0, 0x0, 0x0, 0x7, 0x71, 0x0, 0x0, 0x0,
    0x0, 0x0, 0x0, 0x0, 0x0, 0x0, 0x0, 0x0,
    0x0, 0x0, 0x17, 0xcf, 0xfe, 0xc6, 0x0, 0x0,
    0x0, 0x6, 0xff, 0xff, 0xff, 0xff, 0xe4, 0x0,
    0x0, 0x7f, 0xff, 0xa6, 0x57, 0xbf, 0xff, 0x40,
    0x3, 0xff, 0xe3, 0x0, 0x0, 0x4, 0xff, 0xf1,
    0xa, 0xff, 0x30, 0x0, 0x0, 0x0, 0x6f, 0xf8,
    0xf, 0xfb, 0x0, 0x0, 0x0, 0x0, 0xe, 0xfc,
    0x1f, 0xf8, 0x0, 0x0, 0x0, 0x0, 0xb, 0xfe,
    0x1f, 0xf8, 0x0, 0x0, 0x0, 0x0, 0xb, 0xfe,
    0xf, 0xfb, 0x0, 0x0, 0x0, 0x0, 0xe, 0xfc,
    0xa, 0xff, 0x30, 0x0, 0x0, 0x0, 0x6f, 0xf8,
    0x3, 0xff, 0xe3, 0x0, 0x0, 0x4, 0xff, 0xf1,
    0x0, 0x7f, 0xff, 0xa6, 0x57, 0xbf, 0xff, 0x50,
    0x0, 0x6, 0xff, 0xff, 0xff, 0xff, 0xe4, 0x0,
    0x0, 0x0, 0x17, 0xcf, 0xfe, 0xc6, 0x0, 0x0,

    /* U+00D4 "Ô" */
    0x0, 0x0, 0x0, 0x7, 0x86, 0x0, 0x0, 0x0,
    0x0, 0x0, 0x0, 0x9f, 0xff, 0x70, 0x0, 0x0,
    0x0, 0x0, 0x8, 0xfb, 0x2d, 0xf5, 0x0, 0x0,
    0x0, 0x0, 0x18, 0x70, 0x0, 0x77, 0x0, 0x0,
    0x0, 0x0, 0x0, 0x0, 0x0, 0x0, 0x0, 0x0,
    0x0, 0x0, 0x17, 0xcf, 0xfe, 0xc6, 0x0, 0x0,
    0x0, 0x6, 0xff, 0xff, 0xff, 0xff, 0xe4, 0x0,
    0x0, 0x7f, 0xff, 0xa6, 0x57, 0xbf, 0xff, 0x40,
    0x3, 0xff, 0xe3, 0x0, 0x0, 0x4, 0xff, 0xf1,
    0xa, 0xff, 0x30, 0x0, 0x0, 0x0, 0x6f, 0xf8,
    0xf, 0xfb, 0x0, 0x0, 0x0, 0x0, 0xe, 0xfc,
    0x1f, 0xf8, 0x0, 0x0, 0x0, 0x0, 0xb, 0xfe,
    0x1f, 0xf8, 0x0, 0x0, 0x0, 0x0, 0xb, 0xfe,
    0xf, 0xfb, 0x0, 0x0, 0x0, 0x0, 0xe, 0xfc,
    0xa, 0xff, 0x30, 0x0, 0x0, 0x0, 0x6f, 0xf8,
    0x3, 0xff, 0xe3, 0x0, 0x0, 0x4, 0xff, 0xf1,
    0x0, 0x7f, 0xff, 0xa6, 0x57, 0xbf, 0xff, 0x50,
    0x0, 0x6, 0xff, 0xff, 0xff, 0xff, 0xe4, 0x0,
    0x0, 0x0, 0x17, 0xcf, 0xfe, 0xc6, 0x0, 0x0,

    /* U+00D5 "Õ" */
    0x0, 0x0, 0x2, 0x87, 0x0, 0x29, 0x20, 0x0,
    0x0, 0x0, 0xd, 0xff, 0xc2, 0x7f, 0x10, 0x0,
    0x0, 0x0, 0x4f, 0x53, 0xef, 0xfb, 0x0, 0x0,
    0x0, 0x0, 0x49, 0x0, 0x18, 0x81, 0x0, 0x0,
    0x0, 0x0, 0x0, 0x0, 0x0, 0x0, 0x0, 0x0,
    0x0, 0x0, 0x17, 0xcf, 0xfe, 0xc6, 0x0, 0x0,
    0x0, 0x6, 0xff, 0xff, 0xff, 0xff, 0xe4, 0x0,
    0x0, 0x7f, 0xff, 0xa6, 0x57, 0xbf, 0xff, 0x40,
    0x3, 0xff, 0xe3, 0x0, 0x0, 0x4, 0xff, 0xf1,
    0xa, 0xff, 0x30, 0x0, 0x0, 0x0, 0x6f, 0xf8,
    0xf, 0xfb, 0x0, 0x0, 0x0, 0x0, 0xe, 0xfc,
    0x1f, 0xf8, 0x0, 0x0, 0x0, 0x0, 0xb, 0xfe,
    0x1f, 0xf8, 0x0, 0x0, 0x0, 0x0, 0xb, 0xfe,
    0xf, 0xfb, 0x0, 0x0, 0x0, 0x0, 0xe, 0xfc,
    0xa, 0xff, 0x30, 0x0, 0x0, 0x0, 0x6f, 0xf8,
    0x3, 0xff, 0xe3, 0x0, 0x0, 0x4, 0xff, 0xf1,
    0x0, 0x7f, 0xff, 0xa6, 0x57, 0xbf, 0xff, 0x50,
    0x0, 0x6, 0xff, 0xff, 0xff, 0xff, 0xe4, 0x0,
    0x0, 0x0, 0x17, 0xcf, 0xfe, 0xc6, 0x0, 0x0,

    /* U+00D6 "Ö" */
    0x0, 0x0, 0x1, 0x61, 0x2, 0x60, 0x0, 0x0,
    0x0, 0x0, 0xa, 0xf9, 0xc, 0xf7, 0x0, 0x0,
    0x0, 0x0, 0x6, 0xf6, 0x8, 0xf4, 0x0, 0x0,
    0x0, 0x0, 0x0, 0x0, 0x0, 0x0, 0x0, 0x0,
    0x0, 0x0, 0x0, 0x0, 0x0, 0x0, 0x0, 0x0,
    0x0, 0x0, 0x17, 0xcf, 0xfe, 0xc6, 0x0, 0x0,
    0x0, 0x6, 0xff, 0xff, 0xff, 0xff, 0xe4, 0x0,
    0x0, 0x7f, 0xff, 0xa6, 0x57, 0xbf, 0xff, 0x40,
    0x3, 0xff, 0xe3, 0x0, 0x0, 0x4, 0xff, 0xf1,
    0xa, 0xff, 0x30, 0x0, 0x0, 0x0, 0x6f, 0xf8,
    0xf, 0xfb, 0x0, 0x0, 0x0, 0x0, 0xe, 0xfc,
    0x1f, 0xf8, 0x0, 0x0, 0x0, 0x0, 0xb, 0xfe,
    0x1f, 0xf8, 0x0, 0x0, 0x0, 0x0, 0xb, 0xfe,
    0xf, 0xfb, 0x0, 0x0, 0x0, 0x0, 0xe, 0xfc,
    0xa, 0xff, 0x30, 0x0, 0x0, 0x0, 0x6f, 0xf8,
    0x3, 0xff, 0xe3, 0x0, 0x0, 0x4, 0xff, 0xf1,
    0x0, 0x7f, 0xff, 0xa6, 0x57, 0xbf, 0xff, 0x50,
    0x0, 0x6, 0xff, 0xff, 0xff, 0xff, 0xe4, 0x0,
    0x0, 0x0, 0x17, 0xcf, 0xfe, 0xc6, 0x0, 0x0,

    /* U+00D7 "×" */
    0x0, 0x0, 0x0, 0x0, 0x0, 0x5e, 0x20, 0x4,
    0xe3, 0xb, 0xfe, 0x23, 0xff, 0x80, 0xc, 0xfe,
    0xff, 0xa0, 0x0, 0xc, 0xff, 0xa0, 0x0, 0x2,
    0xef, 0xfd, 0x10, 0x2, 0xef, 0xbd, 0xfd, 0x10,
    0xcf, 0xb0, 0x1d, 0xfa, 0x2, 0xa0, 0x0, 0x1b,
    0x10,

    /* U+00D8 "Ø" */
    0x0, 0x0, 0x0, 0x0, 0x0, 0x3, 0xfc, 0x0,
    0x0, 0x0, 0x0, 0x0, 0x0, 0xc, 0xf3, 0x0,
    0x0, 0x0, 0x17, 0xcf, 0xfe, 0xcf, 0xb0, 0x0,
    0x0, 0x6, 0xff, 0xff, 0xff, 0xff, 0xe4, 0x0,
    0x0, 0x7f, 0xff, 0xa6, 0x5b, 0xff, 0xff, 0x40,
    0x3, 0xff, 0xe3, 0x0, 0xe, 0xf6, 0xff, 0xf1,
    0xa, 0xff, 0x30, 0x0, 0x7f, 0x80, 0x6f, 0xf8,
    0xf, 0xfb, 0x0, 0x1, 0xfe, 0x10, 0xe, 0xfc,
    0x1f, 0xf8, 0x0, 0x8, 0xf7, 0x0, 0xb, 0xfe,
    0x1f, 0xf8, 0x0, 0x2f, 0xe0, 0x0, 0xb, 0xfe,
    0xf, 0xfb, 0x0, 0xaf, 0x60, 0x0, 0xe, 0xfc,
    0xa, 0xff, 0x32, 0xfd, 0x0, 0x0, 0x6f, 0xf8,
    0x3, 0xff, 0xec, 0xf4, 0x0, 0x4, 0xff, 0xf1,
    0x0, 0x7f, 0xff, 0xf6, 0x57, 0xbf, 0xff, 0x50,
    0x0, 0x6, 0xff, 0xff, 0xff, 0xff, 0xe4, 0x0,
    0x0, 0x5, 0xfc, 0xcf, 0xfe, 0xc6, 0x0, 0x0,
    0x0, 0xd, 0xf2, 0x0, 0x0, 0x0, 0x0, 0x0,

    /* U+00D9 "Ù" */
    0x0, 0x6, 0x87, 0x10, 0x0, 0x0, 0x0, 0x0,
    0x1, 0xcf, 0xc0, 0x0, 0x0, 0x0, 0x0, 0x0,
    0xb, 0xfb, 0x0, 0x0, 0x0, 0x0, 0x0, 0x0,
    0x68, 0x20, 0x0, 0x0, 0x0, 0x0, 0x0, 0x0,
    0x0, 0x0, 0x0, 0x3f, 0xf5, 0x0, 0x0, 0x0,
    0x8f, 0xf0, 0x3f, 0xf5, 0x0, 0x0, 0x0, 0x8f,
    0xf0, 0x3f, 0xf5, 0x0, 0x0, 0x0, 0x8f, 0xf0,
    0x3f, 0xf5, 0x0, 0x0, 0x0, 0x8f, 0xf0, 0x3f,
    0xf5, 0x0, 0x0, 0x0, 0x8f, 0xf0, 0x3f, 0xf5,
    0x0, 0x0, 0x0, 0x8f, 0xf0, 0x3f, 0xf5, 0x0,
    0x0, 0x0, 0x8f, 0xf0, 0x3f, 0xf5, 0x0, 0x0,
    0x0, 0x8f, 0xf0, 0x3f, 0xf6, 0x0, 0x0, 0x0,
    0x9f, 0xf0, 0x1f, 0xf9, 0x0, 0x0, 0x0, 0xcf,
    0xd0, 0xc, 0xff, 0x20, 0x0, 0x5, 0xff, 0x90,
    0x5, 0xff, 0xf9, 0x56, 0xaf, 0xff, 0x20, 0x0,
    0x7f, 0xff, 0xff, 0xff, 0xf4, 0x0, 0x0, 0x3,
    0xae, 0xff, 0xd9, 0x20, 0x0,

    /* U+00DA "Ú" */
    0x0, 0x0, 0x0, 0x2, 0x88, 0x40, 0x0, 0x0,
    0x0, 0x0, 0x1d, 0xfa, 0x0, 0x0, 0x0, 0x0,
    0x0, 0xcf, 0x80, 0x0, 0x0, 0x0, 0x0, 0x4,
    0x85, 0x0, 0x0, 0x0, 0x0, 0x0, 0x0, 0x0,
    0x0, 0x0, 0x0, 0x3f, 0xf5, 0x0, 0x0, 0x0,
    0x8f, 0xf0, 0x3f, 0xf5, 0x0, 0x0, 0x0, 0x8f,
    0xf0, 0x3f, 0xf5, 0x0, 0x0, 0x0, 0x8f, 0xf0,
    0x3f, 0xf5, 0x0, 0x0, 0x0, 0x8f, 0xf0, 0x3f,
    0xf5, 0x0, 0x0, 0x0, 0x8f, 0xf0, 0x3f, 0xf5,
    0x0, 0x0, 0x0, 0x8f, 0xf0, 0x3f, 0xf5, 0x0,
    0x0, 0x0, 0x8f, 0xf0, 0x3f, 0xf5, 0x0, 0x0,
    0x0, 0x8f, 0xf0, 0x3f, 0xf6, 0x0, 0x0, 0x0,
    0x9f, 0xf0, 0x1f, 0xf9, 0x0, 0x0, 0x0, 0xcf,
    0xd0, 0xc, 0xff, 0x20, 0x0, 0x5, 0xff, 0x90,
    0x5, 0xff, 0xf9, 0x56, 0xaf, 0xff, 0x20, 0x0,
    0x7f, 0xff, 0xff, 0xff, 0xf4, 0x0, 0x0, 0x3,
    0xae, 0xff, 0xd9, 0x20, 0x0,

    /* U+00DB "Û" */
    0x0, 0x0, 0x3, 0x88, 0x20, 0x0, 0x0, 0x0,
    0x0, 0x2f, 0xff, 0xd1, 0x0, 0x0, 0x0, 0x1,
    0xef, 0x46, 0xfc, 0x0, 0x0, 0x0, 0x5, 0x83,
    0x0, 0x48, 0x40, 0x0, 0x0, 0x0, 0x0, 0x0,
    0x0, 0x0, 0x0, 0x3f, 0xf5, 0x0, 0x0, 0x0,
    0x8f, 0xf0, 0x3f, 0xf5, 0x0, 0x0, 0x0, 0x8f,
    0xf0, 0x3f, 0xf5, 0x0, 0x0, 0x0, 0x8f, 0xf0,
    0x3f, 0xf5, 0x0, 0x0, 0x0, 0x8f, 0xf0, 0x3f,
    0xf5, 0x0, 0x0, 0x0, 0x8f, 0xf0, 0x3f, 0xf5,
    0x0, 0x0, 0x0, 0x8f, 0xf0, 0x3f, 0xf5, 0x0,
    0x0, 0x0, 0x8f, 0xf0, 0x3f, 0xf5, 0x0, 0x0,
    0x0, 0x8f, 0xf0, 0x3f, 0xf6, 0x0, 0x0, 0x0,
    0x9f, 0xf0, 0x1f, 0xf9, 0x0, 0x0, 0x0, 0xcf,
    0xd0, 0xc, 0xff, 0x20, 0x0, 0x5, 0xff, 0x90,
    0x5, 0xff, 0xf9, 0x56, 0xaf, 0xff, 0x20, 0x0,
    0x7f, 0xff, 0xff, 0xff, 0xf4, 0x0, 0x0, 0x3,
    0xae, 0xff, 0xd9, 0x20, 0x0,

    /* U+00DC "Ü" */
    0x0, 0x0, 0x44, 0x0, 0x53, 0x0, 0x0, 0x0,
    0x2, 0xff, 0x24, 0xff, 0x0, 0x0, 0x0, 0x1,
    0xdd, 0x2, 0xec, 0x0, 0x0, 0x0, 0x0, 0x0,
    0x0, 0x0, 0x0, 0x0, 0x0, 0x0, 0x0, 0x0,
    0x0, 0x0, 0x0, 0x3f, 0xf5, 0x0, 0x0, 0x0,
    0x8f, 0xf0, 0x3f, 0xf5, 0x0, 0x0, 0x0, 0x8f,
    0xf0, 0x3f, 0xf5, 0x0, 0x0, 0x0, 0x8f, 0xf0,
    0x3f, 0xf5, 0x0, 0x0, 0x0, 0x8f, 0xf0, 0x3f,
    0xf5, 0x0, 0x0, 0x0, 0x8f, 0xf0, 0x3f, 0xf5,
    0x0, 0x0, 0x0, 0x8f, 0xf0, 0x3f, 0xf5, 0x0,
    0x0, 0x0, 0x8f, 0xf0, 0x3f, 0xf5, 0x0, 0x0,
    0x0, 0x8f, 0xf0, 0x3f, 0xf6, 0x0, 0x0, 0x0,
    0x9f, 0xf0, 0x1f, 0xf9, 0x0, 0x0, 0x0, 0xcf,
    0xd0, 0xc, 0xff, 0x20, 0x0, 0x5, 0xff, 0x90,
    0x5, 0xff, 0xf9, 0x56, 0xaf, 0xff, 0x20, 0x0,
    0x7f, 0xff, 0xff, 0xff, 0xf4, 0x0, 0x0, 0x3,
    0xae, 0xff, 0xd9, 0x20, 0x0,

    /* U+00DD "Ý" */
    0x0, 0x0, 0x0, 0x0, 0x13, 0x31, 0x0, 0x0,
    0x0, 0x0, 0x0, 0x1e, 0xfb, 0x0, 0x0, 0x0,
    0x0, 0x0, 0x1d, 0xf9, 0x0, 0x0, 0x0, 0x0,
    0x0, 0x8, 0xc6, 0x0, 0x0, 0x0, 0x0, 0x0,
    0x0, 0x0, 0x0, 0x0, 0x0, 0x0, 0xdf, 0xd0,
    0x0, 0x0, 0x0, 0x7f, 0xf2, 0x4, 0xff, 0x80,
    0x0, 0x0, 0x1f, 0xf8, 0x0, 0xa, 0xff, 0x20,
    0x0, 0xa, 0xfd, 0x0, 0x0, 0x1f, 0xfb, 0x0,
    0x4, 0xff, 0x40, 0x0, 0x0, 0x7f, 0xf5, 0x0,
    0xdf, 0xa0, 0x0, 0x0, 0x0, 0xdf, 0xe0, 0x8f,
    0xf1, 0x0, 0x0, 0x0, 0x4, 0xff, 0xaf, 0xf7,
    0x0, 0x0, 0x0, 0x0, 0xa, 0xff, 0xfd, 0x0,
    0x0, 0x0, 0x0, 0x0, 0x1f, 0xff, 0x40, 0x0,
    0x0, 0x0, 0x0, 0x0, 0xbf, 0xf0, 0x0, 0x0,
    0x0, 0x0, 0x0, 0xb, 0xfe, 0x0, 0x0, 0x0,
    0x0, 0x0, 0x0, 0xbf, 0xe0, 0x0, 0x0, 0x0,
    0x0, 0x0, 0xb, 0xfe, 0x0, 0x0, 0x0, 0x0,
    0x0, 0x0, 0xbf, 0xe0, 0x0, 0x0, 0x0,

    /* U+00DE "Þ" */
    0x2f, 0xf7, 0x0, 0x0, 0x0, 0x0, 0x2, 0xff,
    0x94, 0x43, 0x31, 0x0, 0x0, 0x2f, 0xff, 0xff,
    0xff, 0xfc, 0x50, 0x2, 0xff, 0xff, 0xff, 0xff,
    0xff, 0x70, 0x2f, 0xf7, 0x0, 0x1, 0x5e, 0xff,
    0x22, 0xff, 0x70, 0x0, 0x0, 0x3f, 0xf7, 0x2f,
    0xf7, 0x0, 0x0, 0x0, 0xff, 0x92, 0xff, 0x70,
    0x0, 0x0, 0x3f, 0xf7, 0x2f, 0xf7, 0x0, 0x1,
    0x5e, 0xff, 0x22, 0xff, 0xff, 0xff, 0xff, 0xff,
    0x70, 0x2f, 0xff, 0xff, 0xff, 0xfc, 0x40, 0x2,
    0xff, 0x94, 0x43, 0x31, 0x0, 0x0, 0x2f, 0xf7,
    0x0, 0x0, 0x0, 0x0, 0x2, 0xff, 0x70, 0x0,
    0x0, 0x0, 0x0,

    /* U+00DF "ß" */
    0x0, 0x18, 0xdf, 0xfd, 0x70, 0x0, 0x2, 0xef,
    0xff, 0xff, 0xfc, 0x0, 0xb, 0xff, 0x73, 0x39,
    0xff, 0x70, 0x2f, 0xf7, 0x0, 0x0, 0xcf, 0xb0,
    0x5f, 0xf3, 0x0, 0x0, 0xcf, 0xa0, 0x5f, 0xf2,
    0x0, 0x19, 0xff, 0x30, 0x5f, 0xf2, 0x8, 0xff,
    0xf9, 0x0, 0x5f, 0xf2, 0x8, 0xff, 0xff, 0xa0,
    0x5f, 0xf2, 0x0, 0x13, 0xaf, 0xf7, 0x5f, 0xf2,
    0x0, 0x0, 0xc, 0xfd, 0x5f, 0xf2, 0x0, 0x0,
    0x9, 0xfe, 0x5f, 0xf2, 0x0, 0x0, 0xc, 0xfd,
    0x5f, 0xf2, 0x4, 0x23, 0xaf, 0xf8, 0x5f, 0xf2,
    0x2f, 0xff, 0xff, 0xc0, 0x5f, 0xf2, 0x3d, 0xff,
    0xd7, 0x0,

    /* U+00E0 "à" */
    0x0, 0x6f, 0xf6, 0x0, 0x0, 0x0, 0x0, 0x3d,
    0xf7, 0x0, 0x0, 0x0, 0x0, 0x19, 0xa3, 0x0,
    0x0, 0x0, 0x0, 0x0, 0x0, 0x0, 0x0, 0x6b,
    0xef, 0xfc, 0x60, 0x0, 0x9f, 0xff, 0xff, 0xff,
    0xa0, 0x2, 0xd6, 0x32, 0x4c, 0xff, 0x30, 0x0,
    0x0, 0x0, 0x1f, 0xf7, 0x0, 0x27, 0xab, 0xbb,
    0xff, 0x90, 0x5f, 0xff, 0xff, 0xff, 0xf9, 0xe,
    0xfc, 0x20, 0x0, 0xef, 0x91, 0xff, 0x60, 0x0,
    0xf, 0xf9, 0xf, 0xfa, 0x0, 0x9, 0xff, 0x90,
    0x8f, 0xfd, 0xbe, 0xff, 0xf9, 0x0, 0x6d, 0xff,
    0xc4, 0xcf, 0x90,

    /* U+00E1 "á" */
    0x0, 0x0, 0x0, 0x8f, 0xf5, 0x0, 0x0, 0x0,
    0x8f, 0xd2, 0x0, 0x0, 0x0, 0x4a, 0x80, 0x0,
    0x0, 0x0, 0x0, 0x0, 0x0, 0x0, 0x0, 0x6b,
    0xef, 0xfc, 0x60, 0x0, 0x9f, 0xff, 0xff, 0xff,
    0xa0, 0x2, 0xd6, 0x32, 0x4c, 0xff, 0x30, 0x0,
    0x0, 0x0, 0x1f, 0xf7, 0x0, 0x27, 0xab, 0xbb,
    0xff, 0x90, 0x5f, 0xff, 0xff, 0xff, 0xf9, 0xe,
    0xfc, 0x20, 0x0, 0xef, 0x91, 0xff, 0x60, 0x0,
    0xf, 0xf9, 0xf, 0xfa, 0x0, 0x9, 0xff, 0x90,
    0x8f, 0xfd, 0xbe, 0xff, 0xf9, 0x0, 0x6d, 0xff,
    0xc4, 0xcf, 0x90,

    /* U+00E2 "â" */
    0x0, 0x0, 0xbf, 0xf9, 0x0, 0x0, 0x0, 0xbf,
    0x56, 0xfa, 0x0, 0x0, 0x48, 0x30, 0x4, 0x84,
    0x0, 0x0, 0x0, 0x0, 0x0, 0x0, 0x0, 0x6b,
    0xef, 0xfc, 0x60, 0x0, 0x9f, 0xff, 0xff, 0xff,
    0xa0, 0x2, 0xd6, 0x32, 0x4c, 0xff, 0x30, 0x0,
    0x0, 0x0, 0x1f, 0xf7, 0x0, 0x27, 0xab, 0xbb,
    0xff, 0x90, 0x5f, 0xff, 0xff, 0xff, 0xf9, 0xe,
    0xfc, 0x20, 0x0, 0xef, 0x91, 0xff, 0x60, 0x0,
    0xf, 0xf9, 0xf, 0xfa, 0x0, 0x9, 0xff, 0x90,
    0x8f, 0xfd, 0xbe, 0xff, 0xf9, 0x0, 0x6d, 0xff,
    0xc4, 0xcf, 0x90,

    /* U+00E3 "ã" */
    0x0, 0xb, 0xfc, 0x41, 0xe7, 0x0, 0x7, 0xf8,
    0xdf, 0xff, 0x20, 0x0, 0x55, 0x0, 0x57, 0x20,
    0x0, 0x0, 0x0, 0x0, 0x0, 0x0, 0x0, 0x6b,
    0xef, 0xfc, 0x60, 0x0, 0x9f, 0xff, 0xff, 0xff,
    0xa0, 0x2, 0xd6, 0x32, 0x4c, 0xff, 0x30, 0x0,
    0x0, 0x0, 0x1f, 0xf7, 0x0, 0x27, 0xab, 0xbb,
    0xff, 0x90, 0x5f, 0xff, 0xff, 0xff, 0xf9, 0xe,
    0xfc, 0x20, 0x0, 0xef, 0x91, 0xff, 0x60, 0x0,
    0xf, 0xf9, 0xf, 0xfa, 0x0, 0x9, 0xff, 0x90,
    0x8f, 0xfd, 0xbe, 0xff, 0xf9, 0x0, 0x6d, 0xff,
    0xc4, 0xcf, 0x90,

    /* U+00E4 "ä" */
    0x0, 0xd, 0xd0, 0x1e, 0xc0, 0x0, 0x2, 0xff,
    0x24, 0xff, 0x0, 0x0, 0x5, 0x50, 0x5, 0x40,
    0x0, 0x0, 0x0, 0x0, 0x0, 0x0, 0x0, 0x6b,
    0xef, 0xfc, 0x60, 0x0, 0x9f, 0xff, 0xff, 0xff,
    0xa0, 0x2, 0xd6, 0x32, 0x4c, 0xff, 0x30, 0x0,
    0x0, 0x0, 0x1f, 0xf7, 0x0, 0x27, 0xab, 0xbb,
    0xff, 0x90, 0x5f, 0xff, 0xff, 0xff, 0xf9, 0xe,
    0xfc, 0x20, 0x0, 0xef, 0x91, 0xff, 0x60, 0x0,
    0xf, 0xf9, 0xf, 0xfa, 0x0, 0x9, 0xff, 0x90,
    0x8f, 0xfd, 0xbe, 0xff, 0xf9, 0x0, 0x6d, 0xff,
    0xc4, 0xcf, 0x90,

    /* U+00E5 "å" */
    0x0, 0x0, 0x5d, 0xd4, 0x0, 0x0, 0x0, 0x2e,
    0x35, 0xe1, 0x0, 0x0, 0x6, 0xa0, 0xd, 0x30,
    0x0, 0x0, 0x3e, 0x12, 0xf1, 0x0, 0x0, 0x0,
    0x8f, 0xf6, 0x0, 0x0, 0x0, 0x0, 0x0, 0x0,
    0x0, 0x0, 0x6b, 0xef, 0xfc, 0x60, 0x0, 0x9f,
    0xff, 0xff, 0xff, 0xa0, 0x2, 0xd6, 0x32, 0x4c,
    0xff, 0x30, 0x0, 0x0, 0x0, 0x1f, 0xf7, 0x0,
    0x27, 0xab, 0xbb, 0xff, 0x90, 0x5f, 0xff, 0xff,
    0xff, 0xf9, 0xe, 0xfc, 0x20, 0x0, 0xef, 0x91,
    0xff, 0x60, 0x0, 0xf, 0xf9, 0xf, 0xfa, 0x0,
    0x9, 0xff, 0x90, 0x8f, 0xfd, 0xbe, 0xff, 0xf9,
    0x0, 0x6d, 0xff, 0xc4, 0xcf, 0x90,

    /* U+00E6 "æ" */
    0x0, 0x6b, 0xef, 0xfc, 0x60, 0x19, 0xef, 0xeb,
    0x40, 0x0, 0x9, 0xff, 0xff, 0xff, 0xfb, 0xff,
    0xff, 0xff, 0xf9, 0x0, 0x2, 0xd6, 0x32, 0x4c,
    0xff, 0xfd, 0x52, 0x3a, 0xff, 0x50, 0x0, 0x0,
    0x0, 0x1, 0xff, 0xf1, 0x0, 0x0, 0xaf, 0xd0,
    0x0, 0x27, 0xaa, 0xaa, 0xff, 0xea, 0xaa, 0xaa,
    0xcf, 0xf0, 0x5, 0xff, 0xff, 0xff, 0xff, 0xff,
    0xff, 0xff, 0xff, 0xf1, 0xe, 0xfc, 0x10, 0x0,
    0xef, 0xa0, 0x0, 0x0, 0x0, 0x0, 0x1f, 0xf6,
    0x0, 0x0, 0xff, 0xf2, 0x0, 0x0, 0x11, 0x0,
    0xf, 0xfb, 0x0, 0xa, 0xff, 0xfe, 0x73, 0x26,
    0xeb, 0x0, 0x7, 0xff, 0xfe, 0xff, 0xd4, 0xef,
    0xff, 0xff, 0xfe, 0x10, 0x0, 0x5c, 0xff, 0xd8,
    0x10, 0x18, 0xdf, 0xfd, 0x81, 0x0,

    /* U+00E7 "ç" */
    0x0, 0x4, 0xae, 0xfe, 0xb3, 0x0, 0x0, 0x8f,
    0xff, 0xff, 0xff, 0x60, 0x6, 0xff, 0xc5, 0x25,
    0xdf, 0xc0, 0xe, 0xfd, 0x0, 0x0, 0x16, 0x0,
    0x2f, 0xf6, 0x0, 0x0, 0x0, 0x0, 0x3f, 0xf4,
    0x0, 0x0, 0x0, 0x0, 0x2f, 0xf6, 0x0, 0x0,
    0x0, 0x0, 0xd, 0xfd, 0x0, 0x0, 0x16, 0x0,
    0x5, 0xff, 0xc5, 0x25, 0xdf, 0xd0, 0x0, 0x8f,
    0xff, 0xff, 0xff, 0x50, 0x0, 0x3, 0xaf, 0xfe,
    0xa3, 0x0, 0x0, 0x0, 0xa, 0xc0, 0x0, 0x0,
    0x0, 0x0, 0x9, 0xde, 0x10, 0x0, 0x0, 0x0,
    0x21, 0x7f, 0x50, 0x0, 0x0, 0x0, 0xff, 0xfc,
    0x10, 0x0, 0x0, 0x0, 0x13, 0x20, 0x0, 0x0,

    /* U+00E8 "è" */
    0x0, 0x3e, 0xfb, 0x0, 0x0, 0x0, 0x0, 0x1,
    0xbf, 0xb0, 0x0, 0x0, 0x0, 0x0, 0x7, 0xa6,
    0x0, 0x0, 0x0, 0x0, 0x0, 0x0, 0x0, 0x0,
    0x0, 0x4, 0xbf, 0xfe, 0x91, 0x0, 0x0, 0x9f,
    0xff, 0xff, 0xff, 0x30, 0x6, 0xff, 0x92, 0x3,
    0xcf, 0xe0, 0xe, 0xfa, 0x0, 0x0, 0x1e, 0xf6,
    0x2f, 0xfc, 0xbb, 0xbb, 0xbe, 0xfa, 0x3f, 0xff,
    0xff, 0xff, 0xff, 0xfa, 0x2f, 0xf5, 0x0, 0x0,
    0x0, 0x0, 0xd, 0xfc, 0x0, 0x0, 0x2, 0x0,
    0x6, 0xff, 0xc5, 0x23, 0x9f, 0x50, 0x0, 0x8f,
    0xff, 0xff, 0xff, 0xa0, 0x0, 0x3, 0xae, 0xff,
    0xc5, 0x0,

    /* U+00E9 "é" */
    0x0, 0x0, 0x0, 0x4f, 0xf8, 0x0, 0x0, 0x0,
    0x4, 0xfe, 0x40, 0x0, 0x0, 0x0, 0x1a, 0xa2,
    0x0, 0x0, 0x0, 0x0, 0x0, 0x0, 0x0, 0x0,
    0x0, 0x4, 0xbf, 0xfe, 0x91, 0x0, 0x0, 0x9f,
    0xff, 0xff, 0xff, 0x30, 0x6, 0xff, 0x92, 0x3,
    0xcf, 0xe0, 0xe, 0xfa, 0x0, 0x0, 0x1e, 0xf6,
    0x2f, 0xfc, 0xbb, 0xbb, 0xbe, 0xfa, 0x3f, 0xff,
    0xff, 0xff, 0xff, 0xfa, 0x2f, 0xf5, 0x0, 0x0,
    0x0, 0x0, 0xd, 0xfc, 0x0, 0x0, 0x2, 0x0,
    0x6, 0xff, 0xc5, 0x23, 0x9f, 0x50, 0x0, 0x8f,
    0xff, 0xff, 0xff, 0xa0, 0x0, 0x3, 0xae, 0xff,
    0xc5, 0x0,

    /* U+00EA "ê" */
    0x0, 0x0, 0x7f, 0xfc, 0x10, 0x0, 0x0, 0x8,
    0xf8, 0x3e, 0xd1, 0x0, 0x0, 0x28, 0x60, 0x2,
    0x86, 0x0, 0x0, 0x0, 0x0, 0x0, 0x0, 0x0,
    0x0, 0x4, 0xbf, 0xfe, 0x91, 0x0, 0x0, 0x9f,
    0xff, 0xff, 0xff, 0x30, 0x6, 0xff, 0x92, 0x3,
    0xcf, 0xe0, 0xe, 0xfa, 0x0, 0x0, 0x1e, 0xf6,
    0x2f, 0xfc, 0xbb, 0xbb, 0xbe, 0xfa, 0x3f, 0xff,
    0xff, 0xff, 0xff, 0xfa, 0x2f, 0xf5, 0x0, 0x0,
    0x0, 0x0, 0xd, 0xfc, 0x0, 0x0, 0x2, 0x0,
    0x6, 0xff, 0xc5, 0x23, 0x9f, 0x50, 0x0, 0x8f,
    0xff, 0xff, 0xff, 0xa0, 0x0, 0x3, 0xae, 0xff,
    0xc5, 0x0,

    /* U+00EB "ë" */
    0x0, 0x9, 0xf3, 0xb, 0xe2, 0x0, 0x0, 0xd,
    0xf6, 0xf, 0xf4, 0x0, 0x0, 0x3, 0x60, 0x3,
    0x60, 0x0, 0x0, 0x0, 0x0, 0x0, 0x0, 0x0,
    0x0, 0x4, 0xbf, 0xfe, 0x91, 0x0, 0x0, 0x9f,
    0xff, 0xff, 0xff, 0x30, 0x6, 0xff, 0x92, 0x3,
    0xcf, 0xe0, 0xe, 0xfa, 0x0, 0x0, 0x1e, 0xf6,
    0x2f, 0xfc, 0xbb, 0xbb, 0xbe, 0xfa, 0x3f, 0xff,
    0xff, 0xff, 0xff, 0xfa, 0x2f, 0xf5, 0x0, 0x0,
    0x0, 0x0, 0xd, 0xfc, 0x0, 0x0, 0x2, 0x0,
    0x6, 0xff, 0xc5, 0x23, 0x9f, 0x50, 0x0, 0x8f,
    0xff, 0xff, 0xff, 0xa0, 0x0, 0x3, 0xae, 0xff,
    0xc5, 0x0,

    /* U+00EC "ì" */
    0x6, 0xff, 0x60, 0x0, 0x3, 0xdf, 0x70, 0x0,
    0x0, 0x89, 0x20, 0x0, 0x0, 0x0, 0x0, 0x5,
    0xff, 0x20, 0x0, 0x5f, 0xf2, 0x0, 0x5, 0xff,
    0x20, 0x0, 0x5f, 0xf2, 0x0, 0x5, 0xff, 0x20,
    0x0, 0x5f, 0xf2, 0x0, 0x5, 0xff, 0x20, 0x0,
    0x5f, 0xf2, 0x0, 0x5, 0xff, 0x20, 0x0, 0x5f,
    0xf2, 0x0, 0x5, 0xff, 0x20,

    /* U+00ED "í" */
    0x0, 0x9f, 0xe4, 0xa, 0xfb, 0x10, 0x49, 0x70,
    0x0, 0x0, 0x0, 0x0, 0x5f, 0xf2, 0x0, 0x5f,
    0xf2, 0x0, 0x5f, 0xf2, 0x0, 0x5f, 0xf2, 0x0,
    0x5f, 0xf2, 0x0, 0x5f, 0xf2, 0x0, 0x5f, 0xf2,
    0x0, 0x5f, 0xf2, 0x0, 0x5f, 0xf2, 0x0, 0x5f,
    0xf2, 0x0, 0x5f, 0xf2, 0x0,

    /* U+00EE "î" */
    0x0, 0xaf, 0xf7, 0x0, 0x9, 0xf6, 0x9f, 0x60,
    0x17, 0x50, 0x6, 0x60, 0x0, 0x0, 0x0, 0x0,
    0x0, 0x5f, 0xf2, 0x0, 0x0, 0x5f, 0xf2, 0x0,
    0x0, 0x5f, 0xf2, 0x0, 0x0, 0x5f, 0xf2, 0x0,
    0x0, 0x5f, 0xf2, 0x0, 0x0, 0x5f, 0xf2, 0x0,
    0x0, 0x5f, 0xf2, 0x0, 0x0, 0x5f, 0xf2, 0x0,
    0x0, 0x5f, 0xf2, 0x0, 0x0, 0x5f, 0xf2, 0x0,
    0x0, 0x5f, 0xf2, 0x0,

    /* U+00EF "ï" */
    0x8f, 0x47, 0xf5, 0xbf, 0x7a, 0xf8, 0x16, 0x1,
    0x60, 0x0, 0x0, 0x0, 0x5, 0xff, 0x20, 0x5,
    0xff, 0x20, 0x5, 0xff, 0x20, 0x5, 0xff, 0x20,
    0x5, 0xff, 0x20, 0x5, 0xff, 0x20, 0x5, 0xff,
    0x20, 0x5, 0xff, 0x20, 0x5, 0xff, 0x20, 0x5,
    0xff, 0x20, 0x5, 0xff, 0x20,

    /* U+00F0 "ð" */
    0x0, 0x0, 0x0, 0x0, 0x0, 0x0, 0x0, 0x2c,
    0xe6, 0x0, 0x17, 0x0, 0x0, 0x18, 0xff, 0xca,
    0xfe, 0x20, 0x0, 0x0, 0x6f, 0xff, 0x90, 0x0,
    0x0, 0x4c, 0xfd, 0xcf, 0xe1, 0x0, 0x0, 0xac,
    0x40, 0xc, 0xfb, 0x0, 0x0, 0x0, 0x0, 0x2,
    0xff, 0x40, 0x0, 0x4b, 0xff, 0xd6, 0xaf, 0xb0,
    0x5, 0xff, 0xfe, 0xff, 0xef, 0xf0, 0xe, 0xfd,
    0x20, 0x6, 0xff, 0xf2, 0x4f, 0xf4, 0x0, 0x0,
    0xaf, 0xf3, 0x5f, 0xf1, 0x0, 0x0, 0x8f, 0xf2,
    0x3f, 0xf5, 0x0, 0x0, 0xbf, 0xe0, 0xd, 0xfe,
    0x51, 0x29, 0xff, 0x70, 0x3, 0xff, 0xff, 0xff,
    0xfa, 0x0, 0x0, 0x2a, 0xef, 0xfb, 0x50, 0x0,

    /* U+00F1 "ñ" */
    0x0, 0x1c, 0xfc, 0x31, 0xf7, 0x0, 0x0, 0x8f,
    0x8d, 0xff, 0xf2, 0x0, 0x0, 0x55, 0x0, 0x57,
    0x20, 0x0, 0x0, 0x0, 0x0, 0x0, 0x0, 0x0,
    0x5f, 0xf1, 0x9e, 0xfe, 0xa3, 0x0, 0x5f, 0xfe,
    0xff, 0xff, 0xff, 0x30, 0x5f, 0xff, 0x82, 0x27,
    0xff, 0xc0, 0x5f, 0xf9, 0x0, 0x0, 0x9f, 0xf0,
    0x5f, 0xf3, 0x0, 0x0, 0x6f, 0xf2, 0x5f, 0xf2,
    0x0, 0x0, 0x5f, 0xf2, 0x5f, 0xf2, 0x0, 0x0,
    0x5f, 0xf2, 0x5f, 0xf2, 0x0, 0x0, 0x5f, 0xf2,
    0x5f, 0xf2, 0x0, 0x0, 0x5f, 0xf2, 0x5f, 0xf2,
    0x0, 0x0, 0x5f, 0xf2, 0x5f, 0xf2, 0x0, 0x0,
    0x5f, 0xf2,

    /* U+00F2 "ò" */
    0x0, 0x1c, 0xfd, 0x10, 0x0, 0x0, 0x0, 0x0,
    0x9, 0xfd, 0x10, 0x0, 0x0, 0x0, 0x0, 0x5,
    0xa8, 0x0, 0x0, 0x0, 0x0, 0x0, 0x0, 0x0,
    0x0, 0x0, 0x0, 0x4, 0xbe, 0xfe, 0xa3, 0x0,
    0x0, 0x8, 0xff, 0xff, 0xff, 0xf7, 0x0, 0x6,
    0xff, 0xc4, 0x25, 0xdf, 0xf4, 0x0, 0xef, 0xd0,
    0x0, 0x1, 0xef, 0xc0, 0x2f, 0xf6, 0x0, 0x0,
    0x8, 0xff, 0x3, 0xff, 0x40, 0x0, 0x0, 0x6f,
    0xf2, 0x2f, 0xf6, 0x0, 0x0, 0x8, 0xff, 0x0,
    0xdf, 0xd0, 0x0, 0x1, 0xef, 0xc0, 0x5, 0xff,
    0xc5, 0x35, 0xdf, 0xf4, 0x0, 0x8, 0xff, 0xff,
    0xff, 0xf7, 0x0, 0x0, 0x4, 0xbe, 0xfe, 0xa3,
    0x0, 0x0,

    /* U+00F3 "ó" */
    0x0, 0x0, 0x0, 0x2e, 0xfa, 0x0, 0x0, 0x0,
    0x0, 0x2e, 0xf7, 0x0, 0x0, 0x0, 0x0, 0x9,
    0xa3, 0x0, 0x0, 0x0, 0x0, 0x0, 0x0, 0x0,
    0x0, 0x0, 0x0, 0x4, 0xbe, 0xfe, 0xa3, 0x0,
    0x0, 0x8, 0xff, 0xff, 0xff, 0xf7, 0x0, 0x6,
    0xff, 0xc4, 0x25, 0xdf, 0xf4, 0x0, 0xef, 0xd0,
    0x0, 0x1, 0xef, 0xc0, 0x2f, 0xf6, 0x0, 0x0,
    0x8, 0xff, 0x3, 0xff, 0x40, 0x0, 0x0, 0x6f,
    0xf2, 0x2f, 0xf6, 0x0, 0x0, 0x8, 0xff, 0x0,
    0xdf, 0xd0, 0x0, 0x1, 0xef, 0xc0, 0x5, 0xff,
    0xc5, 0x35, 0xdf, 0xf4, 0x0, 0x8, 0xff, 0xff,
    0xff, 0xf7, 0x0, 0x0, 0x4, 0xbe, 0xfe, 0xa3,
    0x0, 0x0,

    /* U+00F4 "ô" */
    0x0, 0x0, 0x4f, 0xfe, 0x20, 0x0, 0x0, 0x0,
    0x5f, 0xb2, 0xde, 0x30, 0x0, 0x0, 0x18, 0x70,
    0x1, 0x87, 0x0, 0x0, 0x0, 0x0, 0x0, 0x0,
    0x0, 0x0, 0x0, 0x4, 0xbe, 0xfe, 0xa3, 0x0,
    0x0, 0x8, 0xff, 0xff, 0xff, 0xf7, 0x0, 0x6,
    0xff, 0xc4, 0x25, 0xdf, 0xf4, 0x0, 0xef, 0xd0,
    0x0, 0x1, 0xef, 0xc0, 0x2f, 0xf6, 0x0, 0x0,
    0x8, 0xff, 0x3, 0xff, 0x40, 0x0, 0x0, 0x6f,
    0xf2, 0x2f, 0xf6, 0x0, 0x0, 0x8, 0xff, 0x0,
    0xdf, 0xd0, 0x0, 0x1, 0xef, 0xc0, 0x5, 0xff,
    0xc5, 0x35, 0xdf, 0xf4, 0x0, 0x8, 0xff, 0xff,
    0xff, 0xf7, 0x0, 0x0, 0x4, 0xbe, 0xfe, 0xa3,
    0x0, 0x0,

    /* U+00F5 "õ" */
    0x0, 0x5, 0xee, 0x81, 0x8f, 0x0, 0x0, 0x0,
    0xfc, 0x9f, 0xff, 0x90, 0x0, 0x0, 0x18, 0x10,
    0x27, 0x60, 0x0, 0x0, 0x0, 0x0, 0x0, 0x0,
    0x0, 0x0, 0x0, 0x4, 0xbe, 0xfe, 0xa3, 0x0,
    0x0, 0x8, 0xff, 0xff, 0xff, 0xf7, 0x0, 0x6,
    0xff, 0xc4, 0x25, 0xdf, 0xf4, 0x0, 0xef, 0xd0,
    0x0, 0x1, 0xef, 0xc0, 0x2f, 0xf6, 0x0, 0x0,
    0x8, 0xff, 0x3, 0xff, 0x40, 0x0, 0x0, 0x6f,
    0xf2, 0x2f, 0xf6, 0x0, 0x0, 0x8, 0xff, 0x0,
    0xdf, 0xd0, 0x0, 0x1, 0xef, 0xc0, 0x5, 0xff,
    0xc5, 0x35, 0xdf, 0xf4, 0x0, 0x8, 0xff, 0xff,
    0xff, 0xf7, 0x0, 0x0, 0x4, 0xbe, 0xfe, 0xa3,
    0x0, 0x0,

    /* U+00F6 "ö" */
    0x0, 0x6, 0xf6, 0x8, 0xf4, 0x0, 0x0, 0x0,
    0xaf, 0xa0, 0xcf, 0x80, 0x0, 0x0, 0x1, 0x61,
    0x2, 0x60, 0x0, 0x0, 0x0, 0x0, 0x0, 0x0,
    0x0, 0x0, 0x0, 0x4, 0xbe, 0xfe, 0xa3, 0x0,
    0x0, 0x8, 0xff, 0xff, 0xff, 0xf7, 0x0, 0x6,
    0xff, 0xc4, 0x25, 0xdf, 0xf4, 0x0, 0xef, 0xd0,
    0x0, 0x1, 0xef, 0xc0, 0x2f, 0xf6, 0x0, 0x0,
    0x8, 0xff, 0x3, 0xff, 0x40, 0x0, 0x0, 0x6f,
    0xf2, 0x2f, 0xf6, 0x0, 0x0, 0x8, 0xff, 0x0,
    0xdf, 0xd0, 0x0, 0x1, 0xef, 0xc0, 0x5, 0xff,
    0xc5, 0x35, 0xdf, 0xf4, 0x0, 0x8, 0xff, 0xff,
    0xff, 0xf7, 0x0, 0x0, 0x4, 0xbe, 0xfe, 0xa3,
    0x0, 0x0,

    /* U+00F7 "÷" */
    0x0, 0x2, 0xed, 0x10, 0x0, 0x0, 0x7, 0xff,
    0x40, 0x0, 0x0, 0x2, 0xdb, 0x0, 0x0, 0x0,
    0x0, 0x0, 0x0, 0x0, 0xbf, 0xff, 0xff, 0xff,
    0xf8, 0xbf, 0xff, 0xff, 0xff, 0xf8, 0x0, 0x0,
    0x0, 0x0, 0x0, 0x0, 0x0, 0x0, 0x0, 0x0,
    0x0, 0x2, 0xdc, 0x0, 0x0, 0x0, 0x7, 0xff,
    0x40, 0x0, 0x0, 0x2, 0xed, 0x0, 0x0,

    /* U+00F8 "ø" */
    0x0, 0x0, 0x0, 0x0, 0x8, 0x40, 0x0, 0x0,
    0x0, 0x0, 0x7, 0xf2, 0x0, 0x0, 0x4, 0xbe,
    0xfe, 0xfb, 0x0, 0x0, 0x8, 0xff, 0xff, 0xff,
    0xf7, 0x0, 0x6, 0xff, 0xc4, 0x3f, 0xff, 0xf4,
    0x0, 0xef, 0xd0, 0x7, 0xf3, 0xef, 0xc0, 0x2f,
    0xf6, 0x0, 0xea, 0x8, 0xff, 0x3, 0xff, 0x40,
    0x7f, 0x20, 0x6f, 0xf2, 0x2f, 0xf6, 0xe, 0xa0,
    0x8, 0xff, 0x0, 0xdf, 0xd8, 0xf2, 0x1, 0xef,
    0xc0, 0x5, 0xff, 0xfc, 0x35, 0xdf, 0xf4, 0x0,
    0x8, 0xff, 0xff, 0xff, 0xf7, 0x0, 0x0, 0xf,
    0xee, 0xfe, 0xa3, 0x0, 0x0, 0x7, 0xf2, 0x0,
    0x0, 0x0, 0x0, 0x0, 0x66, 0x0, 0x0, 0x0,
    0x0, 0x0,

    /* U+00F9 "ù" */
    0x0, 0x8f, 0xf4, 0x0, 0x0, 0x0, 0x0, 0x4e,
    0xf5, 0x0, 0x0, 0x0, 0x0, 0x19, 0x91, 0x0,
    0x0, 0x0, 0x0, 0x0, 0x0, 0x0, 0x7f, 0xf1,
    0x0, 0x0, 0x8f, 0xf7, 0xff, 0x10, 0x0, 0x8,
    0xff, 0x7f, 0xf1, 0x0, 0x0, 0x8f, 0xf7, 0xff,
    0x10, 0x0, 0x8, 0xff, 0x7f, 0xf1, 0x0, 0x0,
    0x8f, 0xf7, 0xff, 0x10, 0x0, 0x8, 0xff, 0x6f,
    0xf1, 0x0, 0x0, 0xaf, 0xf5, 0xff, 0x60, 0x0,
    0x1f, 0xff, 0x1f, 0xff, 0x74, 0x6d, 0xff, 0xf0,
    0x6f, 0xff, 0xff, 0xfe, 0xff, 0x0, 0x5c, 0xff,
    0xc6, 0x6f, 0xf0,

    /* U+00FA "ú" */
    0x0, 0x0, 0x0, 0xbf, 0xd3, 0x0, 0x0, 0x0,
    0xbf, 0xa0, 0x0, 0x0, 0x0, 0x59, 0x60, 0x0,
    0x0, 0x0, 0x0, 0x0, 0x0, 0x0, 0x7f, 0xf1,
    0x0, 0x0, 0x8f, 0xf7, 0xff, 0x10, 0x0, 0x8,
    0xff, 0x7f, 0xf1, 0x0, 0x0, 0x8f, 0xf7, 0xff,
    0x10, 0x0, 0x8, 0xff, 0x7f, 0xf1, 0x0, 0x0,
    0x8f, 0xf7, 0xff, 0x10, 0x0, 0x8, 0xff, 0x6f,
    0xf1, 0x0, 0x0, 0xaf, 0xf5, 0xff, 0x60, 0x0,
    0x1f, 0xff, 0x1f, 0xff, 0x74, 0x6d, 0xff, 0xf0,
    0x6f, 0xff, 0xff, 0xfe, 0xff, 0x0, 0x5c, 0xff,
    0xc6, 0x6f, 0xf0,

    /* U+00FB "û" */
    0x0, 0x1, 0xdf, 0xf7, 0x0, 0x0, 0x2, 0xee,
    0x28, 0xf8, 0x0, 0x0, 0x57, 0x10, 0x5, 0x72,
    0x0, 0x0, 0x0, 0x0, 0x0, 0x0, 0x7f, 0xf1,
    0x0, 0x0, 0x8f, 0xf7, 0xff, 0x10, 0x0, 0x8,
    0xff, 0x7f, 0xf1, 0x0, 0x0, 0x8f, 0xf7, 0xff,
    0x10, 0x0, 0x8, 0xff, 0x7f, 0xf1, 0x0, 0x0,
    0x8f, 0xf7, 0xff, 0x10, 0x0, 0x8, 0xff, 0x6f,
    0xf1, 0x0, 0x0, 0xaf, 0xf5, 0xff, 0x60, 0x0,
    0x1f, 0xff, 0x1f, 0xff, 0x74, 0x6d, 0xff, 0xf0,
    0x6f, 0xff, 0xff, 0xfe, 0xff, 0x0, 0x5c, 0xff,
    0xc6, 0x6f, 0xf0,

    /* U+00FC "ü" */
    0x0, 0x2e, 0xb0, 0x3f, 0x90, 0x0, 0x5, 0xff,
    0x7, 0xfd, 0x0, 0x0, 0x6, 0x30, 0x6, 0x20,
    0x0, 0x0, 0x0, 0x0, 0x0, 0x0, 0x7f, 0xf1,
    0x0, 0x0, 0x8f, 0xf7, 0xff, 0x10, 0x0, 0x8,
    0xff, 0x7f, 0xf1, 0x0, 0x0, 0x8f, 0xf7, 0xff,
    0x10, 0x0, 0x8, 0xff, 0x7f, 0xf1, 0x0, 0x0,
    0x8f, 0xf7, 0xff, 0x10, 0x0, 0x8, 0xff, 0x6f,
    0xf1, 0x0, 0x0, 0xaf, 0xf5, 0xff, 0x60, 0x0,
    0x1f, 0xff, 0x1f, 0xff, 0x74, 0x6d, 0xff, 0xf0,
    0x6f, 0xff, 0xff, 0xfe, 0xff, 0x0, 0x5c, 0xff,
    0xc6, 0x6f, 0xf0,

    /* U+00FD "ý" */
    0x0, 0x0, 0x0, 0x1d, 0xfb, 0x10, 0x0, 0x0,
    0x0, 0x2e, 0xf7, 0x0, 0x0, 0x0, 0x0, 0x7,
    0x93, 0x0, 0x0, 0x0, 0x0, 0x0, 0x0, 0x0,
    0x0, 0x0, 0xd, 0xfb, 0x0, 0x0, 0x0, 0xef,
    0x60, 0x7f, 0xf2, 0x0, 0x0, 0x6f, 0xf0, 0x1,
    0xff, 0x80, 0x0, 0xc, 0xf9, 0x0, 0x9, 0xfe,
    0x0, 0x3, 0xff, 0x20, 0x0, 0x2f, 0xf6, 0x0,
    0xaf, 0xb0, 0x0, 0x0, 0xbf, 0xc0, 0x1f, 0xf4,
    0x0, 0x0, 0x5, 0xff, 0x37, 0xfd, 0x0, 0x0,
    0x0, 0xe, 0xfa, 0xef, 0x70, 0x0, 0x0, 0x0,
    0x7f, 0xff, 0xf1, 0x0, 0x0, 0x0, 0x1, 0xff,
    0xf9, 0x0, 0x0, 0x0, 0x0, 0xa, 0xff, 0x20,
    0x0, 0x0, 0x0, 0x0, 0xbf, 0xc0, 0x0, 0x0,
    0x7, 0x52, 0x7f, 0xf4, 0x0, 0x0, 0x1, 0xff,
    0xff, 0xfb, 0x0, 0x0, 0x0, 0x8, 0xef, 0xe8,
    0x0, 0x0, 0x0, 0x0,

    /* U+00FE "þ" */
    0x5f, 0xf2, 0x0, 0x0, 0x0, 0x0, 0x5f, 0xf2,
    0x0, 0x0, 0x0, 0x0, 0x5f, 0xf2, 0x0, 0x0,
    0x0, 0x0, 0x5f, 0xf2, 0x0, 0x0, 0x0, 0x0,
    0x5f, 0xf3, 0x9e, 0xfe, 0xa3, 0x0, 0x5f, 0xfe,
    0xff, 0xff, 0xff, 0x60, 0x5f, 0xff, 0xa4, 0x26,
    0xef, 0xf3, 0x5f, 0xfa, 0x0, 0x0, 0x2f, 0xfa,
    0x5f, 0xf3, 0x0, 0x0, 0xb, 0xfe, 0x5f, 0xf1,
    0x0, 0x0, 0x9, 0xff, 0x5f, 0xf3, 0x0, 0x0,
    0xb, 0xfe, 0x5f, 0xfb, 0x0, 0x0, 0x2f, 0xfa,
    0x5f, 0xff, 0xb4, 0x36, 0xef, 0xf3, 0x5f, 0xfe,
    0xff, 0xff, 0xff, 0x60, 0x5f, 0xf3, 0x8e, 0xfe,
    0xa3, 0x0, 0x5f, 0xf2, 0x0, 0x0, 0x0, 0x0,
    0x5f, 0xf2, 0x0, 0x0, 0x0, 0x0, 0x5f, 0xf2,
    0x0, 0x0, 0x0, 0x0, 0x5f, 0xf2, 0x0, 0x0,
    0x0, 0x0,

    /* U+00FF "ÿ" */
    0x0, 0x5, 0xf7, 0x7, 0xf5, 0x0, 0x0, 0x0,
    0x9f, 0xb0, 0xaf, 0x90, 0x0, 0x0, 0x1, 0x62,
    0x1, 0x61, 0x0, 0x0, 0x0, 0x0, 0x0, 0x0,
    0x0, 0x0, 0xd, 0xfb, 0x0, 0x0, 0x0, 0xef,
    0x60, 0x7f, 0xf2, 0x0, 0x0, 0x6f, 0xf0, 0x1,
    0xff, 0x80, 0x0, 0xc, 0xf9, 0x0, 0x9, 0xfe,
    0x0, 0x3, 0xff, 0x20, 0x0, 0x2f, 0xf6, 0x0,
    0xaf, 0xb0, 0x0, 0x0, 0xbf, 0xc0, 0x1f, 0xf4,
    0x0, 0x0, 0x5, 0xff, 0x37, 0xfd, 0x0, 0x0,
    0x0, 0xe, 0xfa, 0xef, 0x70, 0x0, 0x0, 0x0,
    0x7f, 0xff, 0xf1, 0x0, 0x0, 0x0, 0x1, 0xff,
    0xf9, 0x0, 0x0, 0x0, 0x0, 0xa, 0xff, 0x20,
    0x0, 0x0, 0x0, 0x0, 0xbf, 0xc0, 0x0, 0x0,
    0x7, 0x52, 0x7f, 0xf4, 0x0, 0x0, 0x1, 0xff,
    0xff, 0xfb, 0x0, 0x0, 0x0, 0x8, 0xef, 0xe8,
    0x0, 0x0, 0x0, 0x0
};


/*---------------------
 *  GLYPH DESCRIPTION
 *--------------------*/

static const lv_font_fmt_txt_glyph_dsc_t glyph_dsc[] = {
    {.bitmap_index = 0, .adv_w = 0, .box_w = 0, .box_h = 0, .ofs_x = 0, .ofs_y = 0} /* id = 0 reserved */,
    {.bitmap_index = 0, .adv_w = 88, .box_w = 0, .box_h = 0, .ofs_x = 0, .ofs_y = 0},
    {.bitmap_index = 0, .adv_w = 89, .box_w = 4, .box_h = 14, .ofs_x = 1, .ofs_y = 0},
    {.bitmap_index = 28, .adv_w = 132, .box_w = 7, .box_h = 6, .ofs_x = 1, .ofs_y = 8},
    {.bitmap_index = 49, .adv_w = 228, .box_w = 14, .box_h = 14, .ofs_x = 0, .ofs_y = 0},
    {.bitmap_index = 147, .adv_w = 201, .box_w = 12, .box_h = 19, .ofs_x = 0, .ofs_y = -2},
    {.bitmap_index = 261, .adv_w = 275, .box_w = 17, .box_h = 14, .ofs_x = 0, .ofs_y = 0},
    {.bitmap_index = 380, .adv_w = 226, .box_w = 14, .box_h = 15, .ofs_x = 0, .ofs_y = -1},
    {.bitmap_index = 485, .adv_w = 70, .box_w = 3, .box_h = 6, .ofs_x = 1, .ofs_y = 8},
    {.bitmap_index = 494, .adv_w = 111, .box_w = 6, .box_h = 19, .ofs_x = 1, .ofs_y = -4},
    {.bitmap_index = 551, .adv_w = 111, .box_w = 6, .box_h = 19, .ofs_x = 0, .ofs_y = -4},
    {.bitmap_index = 608, .adv_w = 133, .box_w = 8, .box_h = 8, .ofs_x = 0, .ofs_y = 7},
    {.bitmap_index = 640, .adv_w = 189, .box_w = 10, .box_h = 10, .ofs_x = 1, .ofs_y = 2},
    {.bitmap_index = 690, .adv_w = 78, .box_w = 5, .box_h = 7, .ofs_x = 0, .ofs_y = -3},
    {.bitmap_index = 708, .adv_w = 123, .box_w = 6, .box_h = 3, .ofs_x = 1, .ofs_y = 5},
    {.bitmap_index = 717, .adv_w = 78, .box_w = 5, .box_h = 4, .ofs_x = 0, .ofs_y = 0},
    {.bitmap_index = 727, .adv_w = 119, .box_w = 10, .box_h = 19, .ofs_x = -1, .ofs_y = -2},
    {.bitmap_index = 822, .adv_w = 215, .box_w = 13, .box_h = 14, .ofs_x = 0, .ofs_y = 0},
    {.bitmap_index = 913, .adv_w = 122, .box_w = 6, .box_h = 14, .ofs_x = 0, .ofs_y = 0},
    {.bitmap_index = 955, .adv_w = 186, .box_w = 12, .box_h = 14, .ofs_x = 0, .ofs_y = 0},
    {.bitmap_index = 1039, .adv_w = 186, .box_w = 11, .box_h = 14, .ofs_x = 0, .ofs_y = 0},
    {.bitmap_index = 1116, .adv_w = 217, .box_w = 14, .box_h = 14, .ofs_x = 0, .ofs_y = 0},
    {.bitmap_index = 1214, .adv_w = 187, .box_w = 12, .box_h = 14, .ofs_x = 0, .ofs_y = 0},
    {.bitmap_index = 1298, .adv_w = 201, .box_w = 13, .box_h = 14, .ofs_x = 0, .ofs_y = 0},
    {.bitmap_index = 1389, .adv_w = 195, .box_w = 12, .box_h = 14, .ofs_x = 0, .ofs_y = 0},
    {.bitmap_index = 1473, .adv_w = 209, .box_w = 13, .box_h = 14, .ofs_x = 0, .ofs_y = 0},
    {.bitmap_index = 1564, .adv_w = 201, .box_w = 12, .box_h = 14, .ofs_x = 0, .ofs_y = 0},
    {.bitmap_index = 1648, .adv_w = 78, .box_w = 5, .box_h = 11, .ofs_x = 0, .ofs_y = 0},
    {.bitmap_index = 1676, .adv_w = 78, .box_w = 5, .box_h = 14, .ofs_x = 0, .ofs_y = -3},
    {.bitmap_index = 1711, .adv_w = 189, .box_w = 10, .box_h = 10, .ofs_x = 1, .ofs_y = 2},
    {.bitmap_index = 1761, .adv_w = 189, .box_w = 10, .box_h = 7, .ofs_x = 1, .ofs_y = 4},
    {.bitmap_index = 1796, .adv_w = 189, .box_w = 10, .box_h = 10, .ofs_x = 1, .ofs_y = 2},
    {.bitmap_index = 1846, .adv_w = 186, .box_w = 11, .box_h = 14, .ofs_x = 0, .ofs_y = 0},
    {.bitmap_index = 1923, .adv_w = 331, .box_w = 20, .box_h = 18, .ofs_x = 0, .ofs_y = -4},
    {.bitmap_index = 2103, .adv_w = 240, .box_w = 17, .box_h = 14, .ofs_x = -1, .ofs_y = 0},
    {.bitmap_index = 2222, .adv_w = 244, .box_w = 14, .box_h = 14, .ofs_x = 1, .ofs_y = 0},
    {.bitmap_index = 2320, .adv_w = 230, .box_w = 14, .box_h = 14, .ofs_x = 0, .ofs_y = 0},
    {.bitmap_index = 2418, .adv_w = 264, .box_w = 15, .box_h = 14, .ofs_x = 1, .ofs_y = 0},
    {.bitmap_index = 2523, .adv_w = 214, .box_w = 12, .box_h = 14, .ofs_x = 1, .ofs_y = 0},
    {.bitmap_index = 2607, .adv_w = 204, .box_w = 12, .box_h = 14, .ofs_x = 1, .ofs_y = 0},
    {.bitmap_index = 2691, .adv_w = 247, .box_w = 15, .box_h = 14, .ofs_x = 0, .ofs_y = 0},
    {.bitmap_index = 2796, .adv_w = 259, .box_w = 14, .box_h = 14, .ofs_x = 1, .ofs_y = 0},
    {.bitmap_index = 2894, .adv_w = 102, .box_w = 4, .box_h = 14, .ofs_x = 1, .ofs_y = 0},
    {.bitmap_index = 2922, .adv_w = 169, .box_w = 10, .box_h = 14, .ofs_x = -1, .ofs_y = 0},
    {.bitmap_index = 2992, .adv_w = 233, .box_w = 14, .box_h = 14, .ofs_x = 1, .ofs_y = 0},
    {.bitmap_index = 3090, .adv_w = 192, .box_w = 11, .box_h = 14, .ofs_x = 1, .ofs_y = 0},
    {.bitmap_index = 3167, .adv_w = 306, .box_w = 17, .box_h = 14, .ofs_x = 1, .ofs_y = 0},
    {.bitmap_index = 3286, .adv_w = 259, .box_w = 14, .box_h = 14, .ofs_x = 1, .ofs_y = 0},
    {.bitmap_index = 3384, .adv_w = 269, .box_w = 16, .box_h = 14, .ofs_x = 0, .ofs_y = 0},
    {.bitmap_index = 3496, .adv_w = 232, .box_w = 13, .box_h = 14, .ofs_x = 1, .ofs_y = 0},
    {.bitmap_index = 3587, .adv_w = 269, .box_w = 17, .box_h = 17, .ofs_x = 0, .ofs_y = -3},
    {.bitmap_index = 3732, .adv_w = 234, .box_w = 13, .box_h = 14, .ofs_x = 1, .ofs_y = 0},
    {.bitmap_index = 3823, .adv_w = 201, .box_w = 12, .box_h = 14, .ofs_x = 0, .ofs_y = 0},
    {.bitmap_index = 3907, .adv_w = 193, .box_w = 12, .box_h = 14, .ofs_x = 0, .ofs_y = 0},
    {.bitmap_index = 3991, .adv_w = 252, .box_w = 14, .box_h = 14, .ofs_x = 1, .ofs_y = 0},
    {.bitmap_index = 4089, .adv_w = 233, .box_w = 16, .box_h = 14, .ofs_x = -1, .ofs_y = 0},
    {.bitmap_index = 4201, .adv_w = 366, .box_w = 23, .box_h = 14, .ofs_x = 0, .ofs_y = 0},
    {.bitmap_index = 4362, .adv_w = 222, .box_w = 14, .box_h = 14, .ofs_x = 0, .ofs_y = 0},
    {.bitmap_index = 4460, .adv_w = 212, .box_w = 15, .box_h = 14, .ofs_x = -1, .ofs_y = 0},
    {.bitmap_index = 4565, .adv_w = 212, .box_w = 13, .box_h = 14, .ofs_x = 0, .ofs_y = 0},
    {.bitmap_index = 4656, .adv_w = 112, .box_w = 6, .box_h = 19, .ofs_x = 1, .ofs_y = -4},
    {.bitmap_index = 4713, .adv_w = 119, .box_w = 10, .box_h = 19, .ofs_x = -1, .ofs_y = -2},
    {.bitmap_index = 4808, .adv_w = 112, .box_w = 6, .box_h = 19, .ofs_x = 0, .ofs_y = -4},
    {.bitmap_index = 4865, .adv_w = 189, .box_w = 10, .box_h = 9, .ofs_x = 1, .ofs_y = 3},
    {.bitmap_index = 4910, .adv_w = 160, .box_w = 10, .box_h = 2, .ofs_x = 0, .ofs_y = -2},
    {.bitmap_index = 4920, .adv_w = 192, .box_w = 6, .box_h = 3, .ofs_x = 2, .ofs_y = 12},
    {.bitmap_index = 4929, .adv_w = 194, .box_w = 11, .box_h = 11, .ofs_x = 0, .ofs_y = 0},
    {.bitmap_index = 4990, .adv_w = 220, .box_w = 12, .box_h = 15, .ofs_x = 1, .ofs_y = 0},
    {.bitmap_index = 5080, .adv_w = 186, .box_w = 12, .box_h = 11, .ofs_x = 0, .ofs_y = 0},
    {.bitmap_index = 5146, .adv_w = 220, .box_w = 13, .box_h = 15, .ofs_x = 0, .ofs_y = 0},
    {.bitmap_index = 5244, .adv_w = 199, .box_w = 12, .box_h = 11, .ofs_x = 0, .ofs_y = 0},
    {.bitmap_index = 5310, .adv_w = 118, .box_w = 9, .box_h = 15, .ofs_x = 0, .ofs_y = 0},
    {.bitmap_index = 5378, .adv_w = 222, .box_w = 13, .box_h = 15, .ofs_x = 0, .ofs_y = -4},
    {.bitmap_index = 5476, .adv_w = 219, .box_w = 12, .box_h = 15, .ofs_x = 1, .ofs_y = 0},
    {.bitmap_index = 5566, .adv_w = 92, .box_w = 4, .box_h = 16, .ofs_x = 1, .ofs_y = 0},
    {.bitmap_index = 5598, .adv_w = 94, .box_w = 7, .box_h = 20, .ofs_x = -2, .ofs_y = -4},
    {.bitmap_index = 5668, .adv_w = 203, .box_w = 12, .box_h = 15, .ofs_x = 1, .ofs_y = 0},
    {.bitmap_index = 5758, .adv_w = 92, .box_w = 4, .box_h = 15, .ofs_x = 1, .ofs_y = 0},
    {.bitmap_index = 5788, .adv_w = 337, .box_w = 19, .box_h = 11, .ofs_x = 1, .ofs_y = 0},
    {.bitmap_index = 5893, .adv_w = 219, .box_w = 12, .box_h = 11, .ofs_x = 1, .ofs_y = 0},
    {.bitmap_index = 5959, .adv_w = 206, .box_w = 13, .box_h = 11, .ofs_x = 0, .ofs_y = 0},
    {.bitmap_index = 6031, .adv_w = 220, .box_w = 12, .box_h = 15, .ofs_x = 1, .ofs_y = -4},
    {.bitmap_index = 6121, .adv_w = 220, .box_w = 13, .box_h = 15, .ofs_x = 0, .ofs_y = -4},
    {.bitmap_index = 6219, .adv_w = 134, .box_w = 7, .box_h = 11, .ofs_x = 1, .ofs_y = 0},
    {.bitmap_index = 6258, .adv_w = 165, .box_w = 10, .box_h = 11, .ofs_x = 0, .ofs_y = 0},
    {.bitmap_index = 6313, .adv_w = 136, .box_w = 9, .box_h = 14, .ofs_x = 0, .ofs_y = 0},
    {.bitmap_index = 6376, .adv_w = 218, .box_w = 11, .box_h = 11, .ofs_x = 1, .ofs_y = 0},
    {.bitmap_index = 6437, .adv_w = 185, .box_w = 13, .box_h = 11, .ofs_x = -1, .ofs_y = 0},
    {.bitmap_index = 6509, .adv_w = 294, .box_w = 19, .box_h = 11, .ofs_x = 0, .ofs_y = 0},
    {.bitmap_index = 6614, .adv_w = 183, .box_w = 12, .box_h = 11, .ofs_x = 0, .ofs_y = 0},
    {.bitmap_index = 6680, .adv_w = 185, .box_w = 13, .box_h = 15, .ofs_x = -1, .ofs_y = -4},
    {.bitmap_index = 6778, .adv_w = 170, .box_w = 10, .box_h = 11, .ofs_x = 0, .ofs_y = 0},
    {.bitmap_index = 6833, .adv_w = 118, .box_w = 7, .box_h = 19, .ofs_x = 1, .ofs_y = -4},
    {.bitmap_index = 6900, .adv_w = 97, .box_w = 4, .box_h = 19, .ofs_x = 1, .ofs_y = -4},
    {.bitmap_index = 6938, .adv_w = 118, .box_w = 7, .box_h = 19, .ofs_x = 0, .ofs_y = -4},
    {.bitmap_index = 7005, .adv_w = 189, .box_w = 10, .box_h = 4, .ofs_x = 1, .ofs_y = 5},
    {.bitmap_index = 7025, .adv_w = 88, .box_w = 0, .box_h = 0, .ofs_x = 0, .ofs_y = 0},
    {.bitmap_index = 7025, .adv_w = 89, .box_w = 4, .box_h = 14, .ofs_x = 1, .ofs_y = -3},
    {.bitmap_index = 7053, .adv_w = 186, .box_w = 12, .box_h = 17, .ofs_x = 0, .ofs_y = -3},
    {.bitmap_index = 7155, .adv_w = 210, .box_w = 13, .box_h = 14, .ofs_x = 0, .ofs_y = 0},
    {.bitmap_index = 7246, .adv_w = 224, .box_w = 14, .box_h = 15, .ofs_x = 0, .ofs_y = -1},
    {.bitmap_index = 7351, .adv_w = 231, .box_w = 16, .box_h = 14, .ofs_x = -1, .ofs_y = 0},
    {.bitmap_index = 7463, .adv_w = 97, .box_w = 4, .box_h = 19, .ofs_x = 1, .ofs_y = -4},
    {.bitmap_index = 7501, .adv_w = 164, .box_w = 10, .box_h = 17, .ofs_x = 0, .ofs_y = -3},
    {.bitmap_index = 7586, .adv_w = 192, .box_w = 8, .box_h = 3, .ofs_x = 2, .ofs_y = 13},
    {.bitmap_index = 7598, .adv_w = 254, .box_w = 15, .box_h = 15, .ofs_x = 0, .ofs_y = -1},
    {.bitmap_index = 7711, .adv_w = 131, .box_w = 7, .box_h = 8, .ofs_x = 0, .ofs_y = 7},
    {.bitmap_index = 7739, .adv_w = 171, .box_w = 11, .box_h = 8, .ofs_x = 0, .ofs_y = 2},
    {.bitmap_index = 7783, .adv_w = 189, .box_w = 10, .box_h = 7, .ofs_x = 1, .ofs_y = 2},
    {.bitmap_index = 7818, .adv_w = 254, .box_w = 15, .box_h = 15, .ofs_x = 0, .ofs_y = -1},
    {.bitmap_index = 7931, .adv_w = 192, .box_w = 8, .box_h = 2, .ofs_x = 2, .ofs_y = 13},
    {.bitmap_index = 7939, .adv_w = 134, .box_w = 8, .box_h = 8, .ofs_x = 0, .ofs_y = 7},
    {.bitmap_index = 7971, .adv_w = 189, .box_w = 10, .box_h = 13, .ofs_x = 1, .ofs_y = 0},
    {.bitmap_index = 8036, .adv_w = 138, .box_w = 8, .box_h = 8, .ofs_x = 0, .ofs_y = 7},
    {.bitmap_index = 8068, .adv_w = 138, .box_w = 8, .box_h = 8, .ofs_x = 0, .ofs_y = 7},
    {.bitmap_index = 8100, .adv_w = 192, .box_w = 6, .box_h = 3, .ofs_x = 4, .ofs_y = 12},
    {.bitmap_index = 8109, .adv_w = 220, .box_w = 12, .box_h = 15, .ofs_x = 1, .ofs_y = -4},
    {.bitmap_index = 8199, .adv_w = 213, .box_w = 12, .box_h = 17, .ofs_x = 0, .ofs_y = -2},
    {.bitmap_index = 8301, .adv_w = 91, .box_w = 4, .box_h = 4, .ofs_x = 1, .ofs_y = 4},
    {.bitmap_index = 8309, .adv_w = 192, .box_w = 6, .box_h = 6, .ofs_x = 3, .ofs_y = -5},
    {.bitmap_index = 8327, .adv_w = 138, .box_w = 7, .box_h = 8, .ofs_x = 1, .ofs_y = 7},
    {.bitmap_index = 8355, .adv_w = 135, .box_w = 8, .box_h = 7, .ofs_x = 0, .ofs_y = 8},
    {.bitmap_index = 8383, .adv_w = 171, .box_w = 10, .box_h = 8, .ofs_x = 0, .ofs_y = 2},
    {.bitmap_index = 8423, .adv_w = 332, .box_w = 20, .box_h = 16, .ofs_x = 1, .ofs_y = -1},
    {.bitmap_index = 8583, .adv_w = 332, .box_w = 19, .box_h = 16, .ofs_x = 1, .ofs_y = -1},
    {.bitmap_index = 8735, .adv_w = 332, .box_w = 21, .box_h = 16, .ofs_x = 0, .ofs_y = -1},
    {.bitmap_index = 8903, .adv_w = 186, .box_w = 11, .box_h = 15, .ofs_x = 1, .ofs_y = -4},
    {.bitmap_index = 8986, .adv_w = 240, .box_w = 17, .box_h = 18, .ofs_x = -1, .ofs_y = 0},
    {.bitmap_index = 9139, .adv_w = 240, .box_w = 17, .box_h = 18, .ofs_x = -1, .ofs_y = 0},
    {.bitmap_index = 9292, .adv_w = 240, .box_w = 17, .box_h = 18, .ofs_x = -1, .ofs_y = 0},
    {.bitmap_index = 9445, .adv_w = 240, .box_w = 17, .box_h = 19, .ofs_x = -1, .ofs_y = 0},
    {.bitmap_index = 9607, .adv_w = 240, .box_w = 17, .box_h = 18, .ofs_x = -1, .ofs_y = 0},
    {.bitmap_index = 9760, .adv_w = 240, .box_w = 17, .box_h = 20, .ofs_x = -1, .ofs_y = 0},
    {.bitmap_index = 9930, .adv_w = 340, .box_w = 22, .box_h = 14, .ofs_x = -1, .ofs_y = 0},
    {.bitmap_index = 10084, .adv_w = 230, .box_w = 14, .box_h = 19, .ofs_x = 0, .ofs_y = -5},
    {.bitmap_index = 10217, .adv_w = 214, .box_w = 12, .box_h = 18, .ofs_x = 1, .ofs_y = 0},
    {.bitmap_index = 10325, .adv_w = 214, .box_w = 12, .box_h = 18, .ofs_x = 1, .ofs_y = 0},
    {.bitmap_index = 10433, .adv_w = 214, .box_w = 12, .box_h = 18, .ofs_x = 1, .ofs_y = 0},
    {.bitmap_index = 10541, .adv_w = 214, .box_w = 12, .box_h = 18, .ofs_x = 1, .ofs_y = 0},
    {.bitmap_index = 10649, .adv_w = 102, .box_w = 6, .box_h = 18, .ofs_x = -1, .ofs_y = 0},
    {.bitmap_index = 10703, .adv_w = 102, .box_w = 7, .box_h = 18, .ofs_x = 1, .ofs_y = 0},
    {.bitmap_index = 10766, .adv_w = 102, .box_w = 8, .box_h = 18, .ofs_x = -1, .ofs_y = 0},
    {.bitmap_index = 10838, .adv_w = 102, .box_w = 7, .box_h = 18, .ofs_x = 0, .ofs_y = 0},
    {.bitmap_index = 10901, .adv_w = 268, .box_w = 16, .box_h = 14, .ofs_x = 0, .ofs_y = 0},
    {.bitmap_index = 11013, .adv_w = 259, .box_w = 14, .box_h = 19, .ofs_x = 1, .ofs_y = 0},
    {.bitmap_index = 11146, .adv_w = 269, .box_w = 16, .box_h = 19, .ofs_x = 0, .ofs_y = 0},
    {.bitmap_index = 11298, .adv_w = 269, .box_w = 16, .box_h = 19, .ofs_x = 0, .ofs_y = 0},
    {.bitmap_index = 11450, .adv_w = 269, .box_w = 16, .box_h = 19, .ofs_x = 0, .ofs_y = 0},
    {.bitmap_index = 11602, .adv_w = 269, .box_w = 16, .box_h = 19, .ofs_x = 0, .ofs_y = 0},
    {.bitmap_index = 11754, .adv_w = 269, .box_w = 16, .box_h = 19, .ofs_x = 0, .ofs_y = 0},
    {.bitmap_index = 11906, .adv_w = 189, .box_w = 9, .box_h = 9, .ofs_x = 1, .ofs_y = 3},
    {.bitmap_index = 11947, .adv_w = 269, .box_w = 16, .box_h = 17, .ofs_x = 0, .ofs_y = -1},
    {.bitmap_index = 12083, .adv_w = 252, .box_w = 14, .box_h = 19, .ofs_x = 1, .ofs_y = 0},
    {.bitmap_index = 12216, .adv_w = 252, .box_w = 14, .box_h = 19, .ofs_x = 1, .ofs_y = 0},
    {.bitmap_index = 12349, .adv_w = 252, .box_w = 14, .box_h = 19, .ofs_x = 1, .ofs_y = 0},
    {.bitmap_index = 12482, .adv_w = 252, .box_w = 14, .box_h = 19, .ofs_x = 1, .ofs_y = 0},
    {.bitmap_index = 12615, .adv_w = 212, .box_w = 15, .box_h = 19, .ofs_x = -1, .ofs_y = 0},
    {.bitmap_index = 12758, .adv_w = 232, .box_w = 13, .box_h = 14, .ofs_x = 1, .ofs_y = 0},
    {.bitmap_index = 12849, .adv_w = 219, .box_w = 12, .box_h = 15, .ofs_x = 1, .ofs_y = 0},
    {.bitmap_index = 12939, .adv_w = 194, .box_w = 11, .box_h = 15, .ofs_x = 0, .ofs_y = 0},
    {.bitmap_index = 13022, .adv_w = 194, .box_w = 11, .box_h = 15, .ofs_x = 0, .ofs_y = 0},
    {.bitmap_index = 13105, .adv_w = 194, .box_w = 11, .box_h = 15, .ofs_x = 0, .ofs_y = 0},
    {.bitmap_index = 13188, .adv_w = 194, .box_w = 11, .box_h = 15, .ofs_x = 0, .ofs_y = 0},
    {.bitmap_index = 13271, .adv_w = 194, .box_w = 11, .box_h = 15, .ofs_x = 0, .ofs_y = 0},
    {.bitmap_index = 13354, .adv_w = 194, .box_w = 11, .box_h = 17, .ofs_x = 0, .ofs_y = 0},
    {.bitmap_index = 13448, .adv_w = 318, .box_w = 20, .box_h = 11, .ofs_x = 0, .ofs_y = 0},
    {.bitmap_index = 13558, .adv_w = 186, .box_w = 12, .box_h = 16, .ofs_x = 0, .ofs_y = -5},
    {.bitmap_index = 13654, .adv_w = 199, .box_w = 12, .box_h = 15, .ofs_x = 0, .ofs_y = 0},
    {.bitmap_index = 13744, .adv_w = 199, .box_w = 12, .box_h = 15, .ofs_x = 0, .ofs_y = 0},
    {.bitmap_index = 13834, .adv_w = 199, .box_w = 12, .box_h = 15, .ofs_x = 0, .ofs_y = 0},
    {.bitmap_index = 13924, .adv_w = 199, .box_w = 12, .box_h = 15, .ofs_x = 0, .ofs_y = 0},
    {.bitmap_index = 14014, .adv_w = 92, .box_w = 7, .box_h = 15, .ofs_x = -2, .ofs_y = 0},
    {.bitmap_index = 14067, .adv_w = 92, .box_w = 6, .box_h = 15, .ofs_x = 1, .ofs_y = 0},
    {.bitmap_index = 14112, .adv_w = 92, .box_w = 8, .box_h = 15, .ofs_x = -1, .ofs_y = 0},
    {.bitmap_index = 14172, .adv_w = 92, .box_w = 6, .box_h = 15, .ofs_x = 0, .ofs_y = 0},
    {.bitmap_index = 14217, .adv_w = 194, .box_w = 12, .box_h = 16, .ofs_x = 0, .ofs_y = 0},
    {.bitmap_index = 14313, .adv_w = 219, .box_w = 12, .box_h = 15, .ofs_x = 1, .ofs_y = 0},
    {.bitmap_index = 14403, .adv_w = 206, .box_w = 13, .box_h = 15, .ofs_x = 0, .ofs_y = 0},
    {.bitmap_index = 14501, .adv_w = 206, .box_w = 13, .box_h = 15, .ofs_x = 0, .ofs_y = 0},
    {.bitmap_index = 14599, .adv_w = 206, .box_w = 13, .box_h = 15, .ofs_x = 0, .ofs_y = 0},
    {.bitmap_index = 14697, .adv_w = 206, .box_w = 13, .box_h = 15, .ofs_x = 0, .ofs_y = 0},
    {.bitmap_index = 14795, .adv_w = 206, .box_w = 13, .box_h = 15, .ofs_x = 0, .ofs_y = 0},
    {.bitmap_index = 14893, .adv_w = 189, .box_w = 10, .box_h = 11, .ofs_x = 1, .ofs_y = 2},
    {.bitmap_index = 14948, .adv_w = 206, .box_w = 13, .box_h = 15, .ofs_x = 0, .ofs_y = -2},
    {.bitmap_index = 15046, .adv_w = 218, .box_w = 11, .box_h = 15, .ofs_x = 1, .ofs_y = 0},
    {.bitmap_index = 15129, .adv_w = 218, .box_w = 11, .box_h = 15, .ofs_x = 1, .ofs_y = 0},
    {.bitmap_index = 15212, .adv_w = 218, .box_w = 11, .box_h = 15, .ofs_x = 1, .ofs_y = 0},
    {.bitmap_index = 15295, .adv_w = 218, .box_w = 11, .box_h = 15, .ofs_x = 1, .ofs_y = 0},
    {.bitmap_index = 15378, .adv_w = 185, .box_w = 13, .box_h = 19, .ofs_x = -1, .ofs_y = -4},
    {.bitmap_index = 15502, .adv_w = 220, .box_w = 12, .box_h = 19, .ofs_x = 1, .ofs_y = -4},
    {.bitmap_index = 15616, .adv_w = 185, .box_w = 13, .box_h = 19, .ofs_x = -1, .ofs_y = -4}
};

/*---------------------
 *  CHARACTER MAPPING
 *--------------------*/



/*Collect the unicode lists and glyph_id offsets*/
static const lv_font_fmt_txt_cmap_t cmaps[] =
{
    {
        .range_start = 32, .range_length = 95, .glyph_id_start = 1,
        .unicode_list = NULL, .glyph_id_ofs_list = NULL, .list_length = 0, .type = LV_FONT_FMT_TXT_CMAP_FORMAT0_TINY
    },
    {
        .range_start = 160, .range_length = 13, .glyph_id_start = 96,
        .unicode_list = NULL, .glyph_id_ofs_list = NULL, .list_length = 0, .type = LV_FONT_FMT_TXT_CMAP_FORMAT0_TINY
    },
    {
        .range_start = 174, .range_length = 82, .glyph_id_start = 109,
        .unicode_list = NULL, .glyph_id_ofs_list = NULL, .list_length = 0, .type = LV_FONT_FMT_TXT_CMAP_FORMAT0_TINY
    }
};



/*--------------------
 *  ALL CUSTOM DATA
 *--------------------*/

#if LVGL_VERSION_MAJOR == 8
/*Store all the custom data of the font*/
static  lv_font_fmt_txt_glyph_cache_t cache;
#endif

#if LVGL_VERSION_MAJOR >= 8
static const lv_font_fmt_txt_dsc_t font_dsc = {
#else
static lv_font_fmt_txt_dsc_t font_dsc = {
#endif
    .glyph_bitmap = glyph_bitmap,
    .glyph_dsc = glyph_dsc,
    .cmaps = cmaps,
    .kern_dsc = NULL,
    .kern_scale = 0,
    .cmap_num = 3,
    .bpp = 4,
    .kern_classes = 0,
    .bitmap_format = 0,
#if LVGL_VERSION_MAJOR == 8
    .cache = &cache
#endif
};



/*-----------------
 *  PUBLIC FONT
 *----------------*/

/*Initialize a public general font descriptor*/
#if LVGL_VERSION_MAJOR >= 8
const lv_font_t panel_font_20 = {
#else
lv_font_t panel_font_20 = {
#endif
    .get_glyph_dsc = lv_font_get_glyph_dsc_fmt_txt,    /*Function pointer to get glyph's data*/
    .get_glyph_bitmap = lv_font_get_bitmap_fmt_txt,    /*Function pointer to get glyph's bitmap*/
    .line_height = 25,          /*The maximum line height required by the font*/
    .base_line = 5,             /*Baseline measured from the bottom of the line*/
#if !(LVGL_VERSION_MAJOR == 6 && LVGL_VERSION_MINOR == 0)
    .subpx = LV_FONT_SUBPX_NONE,
#endif
#if LV_VERSION_CHECK(7, 4, 0) || LVGL_VERSION_MAJOR >= 8
    .underline_position = -2,
    .underline_thickness = 1,
#endif
    .dsc = &font_dsc,          /*The custom font data. Will be accessed by `get_glyph_bitmap/dsc` */
#if LV_VERSION_CHECK(8, 2, 0) || LVGL_VERSION_MAJOR >= 9
    .fallback = NULL,
#endif
    .user_data = NULL,
};



#endif /*#if PANEL_FONT_20*/
